/*
SQLyog 企业版 - MySQL GUI v8.14 
MySQL - 5.6.10 : Database - nfine
*********************************************************************
*/

/*!40101 SET NAMES utf8 */;

/*!40101 SET SQL_MODE=''*/;

/*!40014 SET @OLD_UNIQUE_CHECKS=@@UNIQUE_CHECKS, UNIQUE_CHECKS=0 */;
/*!40014 SET @OLD_FOREIGN_KEY_CHECKS=@@FOREIGN_KEY_CHECKS, FOREIGN_KEY_CHECKS=0 */;
/*!40101 SET @OLD_SQL_MODE=@@SQL_MODE, SQL_MODE='NO_AUTO_VALUE_ON_ZERO' */;
/*!40111 SET @OLD_SQL_NOTES=@@SQL_NOTES, SQL_NOTES=0 */;
CREATE DATABASE /*!32312 IF NOT EXISTS*/`nfine` /*!40100 DEFAULT CHARACTER SET latin1 */;

USE `nfine`;

/*Table structure for table `sys_area` */

DROP TABLE IF EXISTS `sys_area`;

CREATE TABLE `sys_area` (
  `F_Id` varchar(50) NOT NULL,
  `F_ParentId` varchar(50) DEFAULT NULL,
  `F_Layers` int(10) DEFAULT NULL,
  `F_EnCode` varchar(50) DEFAULT NULL,
  `F_FullName` varchar(50) DEFAULT NULL,
  `F_SimpleSpelling` varchar(50) DEFAULT NULL,
  `F_SortCode` int(10) DEFAULT NULL,
  `F_DeleteMark` bit(1) DEFAULT NULL,
  `F_EnabledMark` bit(1) DEFAULT NULL,
  `F_Description` varchar(500) DEFAULT NULL,
  `F_CreatorTime` datetime DEFAULT NULL,
  `F_CreatorUserId` varchar(50) DEFAULT NULL,
  `F_LastModifyTime` datetime DEFAULT NULL,
  `F_LastModifyUserId` varchar(50) DEFAULT NULL,
  `F_DeleteTime` datetime DEFAULT NULL,
  `F_DeleteUserId` varchar(50) DEFAULT NULL,
  PRIMARY KEY (`F_Id`),
  UNIQUE KEY `PK_SYS_AREA` (`F_Id`)
) ENGINE=InnoDB DEFAULT CHARSET=utf8;

/*Data for the table `sys_area` */

insert  into `sys_area`(`F_Id`,`F_ParentId`,`F_Layers`,`F_EnCode`,`F_FullName`,`F_SimpleSpelling`,`F_SortCode`,`F_DeleteMark`,`F_EnabledMark`,`F_Description`,`F_CreatorTime`,`F_CreatorUserId`,`F_LastModifyTime`,`F_LastModifyUserId`,`F_DeleteTime`,`F_DeleteUserId`) values ('110000','0',1,'110000','北京','bj',110000,NULL,'',NULL,'2016-07-20 00:00:00',NULL,NULL,NULL,NULL,NULL),('110100','110000',2,'110100','北京市','bjs',110100,NULL,'',NULL,'2016-07-20 00:00:00',NULL,NULL,NULL,NULL,NULL),('120000','0',1,'120000','天津','tj',120000,NULL,'',NULL,'2016-07-20 00:00:00',NULL,NULL,NULL,NULL,NULL),('120100','120000',2,'120100','天津市','tjs',120100,NULL,'',NULL,'2016-07-20 00:00:00',NULL,NULL,NULL,NULL,NULL),('130000','0',1,'130000','河北省','hbs',130000,NULL,'',NULL,'2016-07-20 00:00:00',NULL,NULL,NULL,NULL,NULL),('130100','130000',2,'130100','石家庄市','sjzs',130100,NULL,'',NULL,'2016-07-20 00:00:00',NULL,NULL,NULL,NULL,NULL),('130200','130000',2,'130200','唐山市','tss',130200,NULL,'',NULL,'2016-07-20 00:00:00',NULL,NULL,NULL,NULL,NULL),('130300','130000',2,'130300','秦皇岛市','qhds',130300,NULL,'',NULL,'2016-07-20 00:00:00',NULL,NULL,NULL,NULL,NULL),('130400','130000',2,'130400','邯郸市','hds',130400,NULL,'',NULL,'2016-07-20 00:00:00',NULL,NULL,NULL,NULL,NULL),('130500','130000',2,'130500','邢台市','xts',130500,NULL,'',NULL,'2016-07-20 00:00:00',NULL,NULL,NULL,NULL,NULL),('130600','130000',2,'130600','保定市','bds',130600,NULL,'',NULL,'2016-07-20 00:00:00',NULL,NULL,NULL,NULL,NULL),('130700','130000',2,'130700','张家口市','zjks',130700,NULL,'',NULL,'2016-07-20 00:00:00',NULL,NULL,NULL,NULL,NULL),('130800','130000',2,'130800','承德市','cds',130800,NULL,'',NULL,'2016-07-20 00:00:00',NULL,NULL,NULL,NULL,NULL),('130900','130000',2,'130900','沧州市','czs',130900,NULL,'',NULL,'2016-07-20 00:00:00',NULL,NULL,NULL,NULL,NULL),('131000','130000',2,'131000','廊坊市','lfs',131000,NULL,'',NULL,'2016-07-20 00:00:00',NULL,NULL,NULL,NULL,NULL),('131100','130000',2,'131100','衡水市','hss',131100,NULL,'',NULL,'2016-07-20 00:00:00',NULL,NULL,NULL,NULL,NULL),('140000','0',1,'140000','山西省','sxs',140000,NULL,'',NULL,'2016-07-20 00:00:00',NULL,NULL,NULL,NULL,NULL),('140100','140000',2,'140100','太原市','tys',140100,NULL,'',NULL,'2016-07-20 00:00:00',NULL,NULL,NULL,NULL,NULL),('140200','140000',2,'140200','大同市','dts',140200,NULL,'',NULL,'2016-07-20 00:00:00',NULL,NULL,NULL,NULL,NULL),('140300','140000',2,'140300','阳泉市','yqs',140300,NULL,'',NULL,'2016-07-20 00:00:00',NULL,NULL,NULL,NULL,NULL),('140400','140000',2,'140400','长治市','czs',140400,NULL,'',NULL,'2016-07-20 00:00:00',NULL,NULL,NULL,NULL,NULL),('140500','140000',2,'140500','晋城市','jcs',140500,NULL,'',NULL,'2016-07-20 00:00:00',NULL,NULL,NULL,NULL,NULL),('140600','140000',2,'140600','朔州市','szs',140600,NULL,'',NULL,'2016-07-20 00:00:00',NULL,NULL,NULL,NULL,NULL),('140700','140000',2,'140700','晋中市','jzs',140700,NULL,'',NULL,'2016-07-20 00:00:00',NULL,NULL,NULL,NULL,NULL),('140800','140000',2,'140800','运城市','ycs',140800,NULL,'',NULL,'2016-07-20 00:00:00',NULL,NULL,NULL,NULL,NULL),('140900','140000',2,'140900','忻州市','xzs',140900,NULL,'',NULL,'2016-07-20 00:00:00',NULL,NULL,NULL,NULL,NULL),('141000','140000',2,'141000','临汾市','lfs',141000,NULL,'',NULL,'2016-07-20 00:00:00',NULL,NULL,NULL,NULL,NULL),('141100','140000',2,'141100','吕梁市','lls',141100,NULL,'',NULL,'2016-07-20 00:00:00',NULL,NULL,NULL,NULL,NULL),('150000','0',1,'150000','内蒙古自治区','nmgzzq',150000,NULL,'',NULL,'2016-07-20 00:00:00',NULL,NULL,NULL,NULL,NULL),('150100','150000',2,'150100','呼和浩特市','hhhts',150100,NULL,'',NULL,'2016-07-20 00:00:00',NULL,NULL,NULL,NULL,NULL),('150200','150000',2,'150200','包头市','bts',150200,NULL,'',NULL,'2016-07-20 00:00:00',NULL,NULL,NULL,NULL,NULL),('150300','150000',2,'150300','乌海市','whs',150300,NULL,'',NULL,'2016-07-20 00:00:00',NULL,NULL,NULL,NULL,NULL),('150400','150000',2,'150400','赤峰市','cfs',150400,NULL,'',NULL,'2016-07-20 00:00:00',NULL,NULL,NULL,NULL,NULL),('150500','150000',2,'150500','通辽市','tls',150500,NULL,'',NULL,'2016-07-20 00:00:00',NULL,NULL,NULL,NULL,NULL),('150600','150000',2,'150600','鄂尔多斯市','eedss',150600,NULL,'',NULL,'2016-07-20 00:00:00',NULL,NULL,NULL,NULL,NULL),('150700','150000',2,'150700','呼伦贝尔市','hlbes',150700,NULL,'',NULL,'2016-07-20 00:00:00',NULL,NULL,NULL,NULL,NULL),('150800','150000',2,'150800','巴彦淖尔市','bynes',150800,NULL,'',NULL,'2016-07-20 00:00:00',NULL,NULL,NULL,NULL,NULL),('150900','150000',2,'150900','乌兰察布市','wlcbs',150900,NULL,'',NULL,'2016-07-20 00:00:00',NULL,NULL,NULL,NULL,NULL),('152200','150000',2,'152200','兴安盟','xam',152200,NULL,'',NULL,'2016-07-20 00:00:00',NULL,NULL,NULL,NULL,NULL),('152500','150000',2,'152500','锡林郭勒盟','xlglm',152500,NULL,'',NULL,'2016-07-20 00:00:00',NULL,NULL,NULL,NULL,NULL),('152900','150000',2,'152900','阿拉善盟','alsm',152900,NULL,'',NULL,'2016-07-20 00:00:00',NULL,NULL,NULL,NULL,NULL),('210000','0',1,'210000','辽宁省','lns',210000,NULL,'',NULL,'2016-07-20 00:00:00',NULL,NULL,NULL,NULL,NULL),('210100','210000',2,'210100','沈阳市','sys',210100,NULL,'',NULL,'2016-07-20 00:00:00',NULL,NULL,NULL,NULL,NULL),('210200','210000',2,'210200','大连市','dls',210200,NULL,'',NULL,'2016-07-20 00:00:00',NULL,NULL,NULL,NULL,NULL),('210300','210000',2,'210300','鞍山市','ass',210300,NULL,'',NULL,'2016-07-20 00:00:00',NULL,NULL,NULL,NULL,NULL),('210400','210000',2,'210400','抚顺市','fss',210400,NULL,'',NULL,'2016-07-20 00:00:00',NULL,NULL,NULL,NULL,NULL),('210500','210000',2,'210500','本溪市','bxs',210500,NULL,'',NULL,'2016-07-20 00:00:00',NULL,NULL,NULL,NULL,NULL),('210600','210000',2,'210600','丹东市','dds',210600,NULL,'',NULL,'2016-07-20 00:00:00',NULL,NULL,NULL,NULL,NULL),('210700','210000',2,'210700','锦州市','jzs',210700,NULL,'',NULL,'2016-07-20 00:00:00',NULL,NULL,NULL,NULL,NULL),('210800','210000',2,'210800','营口市','yks',210800,NULL,'',NULL,'2016-07-20 00:00:00',NULL,NULL,NULL,NULL,NULL),('210900','210000',2,'210900','阜新市','fxs',210900,NULL,'',NULL,'2016-07-20 00:00:00',NULL,NULL,NULL,NULL,NULL),('211000','210000',2,'211000','辽阳市','lys',211000,NULL,'',NULL,'2016-07-20 00:00:00',NULL,NULL,NULL,NULL,NULL),('211100','210000',2,'211100','盘锦市','pjs',211100,NULL,'',NULL,'2016-07-20 00:00:00',NULL,NULL,NULL,NULL,NULL),('211200','210000',2,'211200','铁岭市','tls',211200,NULL,'',NULL,'2016-07-20 00:00:00',NULL,NULL,NULL,NULL,NULL),('211300','210000',2,'211300','朝阳市','zys',211300,NULL,'',NULL,'2016-07-20 00:00:00',NULL,NULL,NULL,NULL,NULL),('211400','210000',2,'211400','葫芦岛市','hlds',211400,NULL,'',NULL,'2016-07-20 00:00:00',NULL,NULL,NULL,NULL,NULL),('220000','0',1,'220000','吉林省','jls',220000,NULL,'',NULL,'2016-07-20 00:00:00',NULL,NULL,NULL,NULL,NULL),('220100','220000',2,'220100','长春市','zcs',220100,NULL,'',NULL,'2016-07-20 00:00:00',NULL,NULL,NULL,NULL,NULL),('220200','220000',2,'220200','吉林市','jls',220200,NULL,'',NULL,'2016-07-20 00:00:00',NULL,NULL,NULL,NULL,NULL),('220300','220000',2,'220300','四平市','sps',220300,NULL,'',NULL,'2016-07-20 00:00:00',NULL,NULL,NULL,NULL,NULL),('220400','220000',2,'220400','辽源市','lys',220400,NULL,'',NULL,'2016-07-20 00:00:00',NULL,NULL,NULL,NULL,NULL),('220500','220000',2,'220500','通化市','ths',220500,NULL,'',NULL,'2016-07-20 00:00:00',NULL,NULL,NULL,NULL,NULL),('220600','220000',2,'220600','白山市','bss',220600,NULL,'',NULL,'2016-07-20 00:00:00',NULL,NULL,NULL,NULL,NULL),('220700','220000',2,'220700','松原市','sys',220700,NULL,'',NULL,'2016-07-20 00:00:00',NULL,NULL,NULL,NULL,NULL),('220800','220000',2,'220800','白城市','bcs',220800,NULL,'',NULL,'2016-07-20 00:00:00',NULL,NULL,NULL,NULL,NULL),('222400','220000',2,'222400','延边朝鲜族自治州','ybzxzzzz',222400,NULL,'',NULL,'2016-07-20 00:00:00',NULL,NULL,NULL,NULL,NULL),('230000','0',1,'230000','黑龙江省','hljs',230000,NULL,'',NULL,'2016-07-20 00:00:00',NULL,NULL,NULL,NULL,NULL),('230100','230000',2,'230100','哈尔滨市','hebs',230100,NULL,'',NULL,'2016-07-20 00:00:00',NULL,NULL,NULL,NULL,NULL),('230200','230000',2,'230200','齐齐哈尔市','qqhes',230200,NULL,'',NULL,'2016-07-20 00:00:00',NULL,NULL,NULL,NULL,NULL),('230300','230000',2,'230300','鸡西市','jxs',230300,NULL,'',NULL,'2016-07-20 00:00:00',NULL,NULL,NULL,NULL,NULL),('230400','230000',2,'230400','鹤岗市','hgs',230400,NULL,'',NULL,'2016-07-20 00:00:00',NULL,NULL,NULL,NULL,NULL),('230500','230000',2,'230500','双鸭山市','syss',230500,NULL,'',NULL,'2016-07-20 00:00:00',NULL,NULL,NULL,NULL,NULL),('230600','230000',2,'230600','大庆市','dqs',230600,NULL,'',NULL,'2016-07-20 00:00:00',NULL,NULL,NULL,NULL,NULL),('230700','230000',2,'230700','伊春市','ycs',230700,NULL,'',NULL,'2016-07-20 00:00:00',NULL,NULL,NULL,NULL,NULL),('230800','230000',2,'230800','佳木斯市','jmss',230800,NULL,'',NULL,'2016-07-20 00:00:00',NULL,NULL,NULL,NULL,NULL),('230900','230000',2,'230900','七台河市','qths',230900,NULL,'',NULL,'2016-07-20 00:00:00',NULL,NULL,NULL,NULL,NULL),('231000','230000',2,'231000','牡丹江市','mdjs',231000,NULL,'',NULL,'2016-07-20 00:00:00',NULL,NULL,NULL,NULL,NULL),('231100','230000',2,'231100','黑河市','hhs',231100,NULL,'',NULL,'2016-07-20 00:00:00',NULL,NULL,NULL,NULL,NULL),('231200','230000',2,'231200','绥化市','shs',231200,NULL,'',NULL,'2016-07-20 00:00:00',NULL,NULL,NULL,NULL,NULL),('232700','230000',2,'232700','大兴安岭地区','dxaldq',232700,NULL,'',NULL,'2016-07-20 00:00:00',NULL,NULL,NULL,NULL,NULL),('310000','0',1,'310000','上海','sh',310000,NULL,'',NULL,'2016-07-20 00:00:00',NULL,NULL,NULL,NULL,NULL),('310100','310000',2,'310100','上海市','shs',310100,NULL,'',NULL,'2016-07-20 00:00:00',NULL,NULL,NULL,NULL,NULL),('320000','0',1,'320000','江苏省','jss',320000,NULL,'',NULL,'2016-07-20 00:00:00',NULL,NULL,NULL,NULL,NULL),('320100','320000',2,'320100','南京市','njs',320100,NULL,'',NULL,'2016-07-20 00:00:00',NULL,NULL,NULL,NULL,NULL),('320200','320000',2,'320200','无锡市','wxs',320200,NULL,'',NULL,'2016-07-20 00:00:00',NULL,NULL,NULL,NULL,NULL),('320300','320000',2,'320300','徐州市','xzs',320300,NULL,'',NULL,'2016-07-20 00:00:00',NULL,NULL,NULL,NULL,NULL),('320400','320000',2,'320400','常州市','czs',320400,NULL,'',NULL,'2016-07-20 00:00:00',NULL,NULL,NULL,NULL,NULL),('320500','320000',2,'320500','苏州市','szs',320500,NULL,'',NULL,'2016-07-20 00:00:00',NULL,NULL,NULL,NULL,NULL),('320600','320000',2,'320600','南通市','nts',320600,NULL,'',NULL,'2016-07-20 00:00:00',NULL,NULL,NULL,NULL,NULL),('320700','320000',2,'320700','连云港市','lygs',320700,NULL,'',NULL,'2016-07-20 00:00:00',NULL,NULL,NULL,NULL,NULL),('320800','320000',2,'320800','淮安市','has',320800,NULL,'',NULL,'2016-07-20 00:00:00',NULL,NULL,NULL,NULL,NULL),('320900','320000',2,'320900','盐城市','ycs',320900,NULL,'',NULL,'2016-07-20 00:00:00',NULL,NULL,NULL,NULL,NULL),('321000','320000',2,'321000','扬州市','yzs',321000,NULL,'',NULL,'2016-07-20 00:00:00',NULL,NULL,NULL,NULL,NULL),('321100','320000',2,'321100','镇江市','zjs',321100,NULL,'',NULL,'2016-07-20 00:00:00',NULL,NULL,NULL,NULL,NULL),('321200','320000',2,'321200','泰州市','tzs',321200,NULL,'',NULL,'2016-07-20 00:00:00',NULL,NULL,NULL,NULL,NULL),('321300','320000',2,'321300','宿迁市','sqs',321300,NULL,'',NULL,'2016-07-20 00:00:00',NULL,NULL,NULL,NULL,NULL),('330000','0',1,'330000','浙江省','zjs',330000,NULL,'',NULL,'2016-07-20 00:00:00',NULL,NULL,NULL,NULL,NULL),('330100','330000',2,'330100','杭州市','hzs',330100,NULL,'',NULL,'2016-07-20 00:00:00',NULL,NULL,NULL,NULL,NULL),('330200','330000',2,'330200','宁波市','nbs',330200,NULL,'',NULL,'2016-07-20 00:00:00',NULL,NULL,NULL,NULL,NULL),('330300','330000',2,'330300','温州市','wzs',330300,NULL,'',NULL,'2016-07-20 00:00:00',NULL,NULL,NULL,NULL,NULL),('330400','330000',2,'330400','嘉兴市','jxs',330400,NULL,'',NULL,'2016-07-20 00:00:00',NULL,NULL,NULL,NULL,NULL),('330500','330000',2,'330500','湖州市','hzs',330500,NULL,'',NULL,'2016-07-20 00:00:00',NULL,NULL,NULL,NULL,NULL),('330600','330000',2,'330600','绍兴市','sxs',330600,NULL,'',NULL,'2016-07-20 00:00:00',NULL,NULL,NULL,NULL,NULL),('330700','330000',2,'330700','金华市','jhs',330700,NULL,'',NULL,'2016-07-20 00:00:00',NULL,NULL,NULL,NULL,NULL),('330800','330000',2,'330800','衢州市','qzs',330800,NULL,'',NULL,'2016-07-20 00:00:00',NULL,NULL,NULL,NULL,NULL),('330900','330000',2,'330900','舟山市','zss',330900,NULL,'',NULL,'2016-07-20 00:00:00',NULL,NULL,NULL,NULL,NULL),('331000','330000',2,'331000','台州市','tzs',331000,NULL,'',NULL,'2016-07-20 00:00:00',NULL,NULL,NULL,NULL,NULL),('331100','330000',2,'331100','丽水市','lss',331100,NULL,'',NULL,'2016-07-20 00:00:00',NULL,NULL,NULL,NULL,NULL),('340000','0',1,'340000','安徽省','ahs',340000,NULL,'',NULL,'2016-07-20 00:00:00',NULL,NULL,NULL,NULL,NULL),('340100','340000',2,'340100','合肥市','hfs',340100,NULL,'',NULL,'2016-07-20 00:00:00',NULL,NULL,NULL,NULL,NULL),('340200','340000',2,'340200','芜湖市','whs',340200,NULL,'',NULL,'2016-07-20 00:00:00',NULL,NULL,NULL,NULL,NULL),('340300','340000',2,'340300','蚌埠市','bbs',340300,NULL,'',NULL,'2016-07-20 00:00:00',NULL,NULL,NULL,NULL,NULL),('340400','340000',2,'340400','淮南市','hns',340400,NULL,'',NULL,'2016-07-20 00:00:00',NULL,NULL,NULL,NULL,NULL),('340500','340000',2,'340500','马鞍山市','mass',340500,NULL,'',NULL,'2016-07-20 00:00:00',NULL,NULL,NULL,NULL,NULL),('340600','340000',2,'340600','淮北市','hbs',340600,NULL,'',NULL,'2016-07-20 00:00:00',NULL,NULL,NULL,NULL,NULL),('340700','340000',2,'340700','铜陵市','tls',340700,NULL,'',NULL,'2016-07-20 00:00:00',NULL,NULL,NULL,NULL,NULL),('340800','340000',2,'340800','安庆市','aqs',340800,NULL,'',NULL,'2016-07-20 00:00:00',NULL,NULL,NULL,NULL,NULL),('341000','340000',2,'341000','黄山市','hss',341000,NULL,'',NULL,'2016-07-20 00:00:00',NULL,NULL,NULL,NULL,NULL),('341100','340000',2,'341100','滁州市','czs',341100,NULL,'',NULL,'2016-07-20 00:00:00',NULL,NULL,NULL,NULL,NULL),('341200','340000',2,'341200','阜阳市','fys',341200,NULL,'',NULL,'2016-07-20 00:00:00',NULL,NULL,NULL,NULL,NULL),('341300','340000',2,'341300','宿州市','szs',341300,NULL,'',NULL,'2016-07-20 00:00:00',NULL,NULL,NULL,NULL,NULL),('341500','340000',2,'341500','六安市','las',341500,NULL,'',NULL,'2016-07-20 00:00:00',NULL,NULL,NULL,NULL,NULL),('341600','340000',2,'341600','亳州市','bzs',341600,NULL,'',NULL,'2016-07-20 00:00:00',NULL,NULL,NULL,NULL,NULL),('341700','340000',2,'341700','池州市','czs',341700,NULL,'',NULL,'2016-07-20 00:00:00',NULL,NULL,NULL,NULL,NULL),('341800','340000',2,'341800','宣城市','xcs',341800,NULL,'',NULL,'2016-07-20 00:00:00',NULL,NULL,NULL,NULL,NULL),('350000','0',1,'350000','福建省','fjs',350000,NULL,'',NULL,'2016-07-20 00:00:00',NULL,NULL,NULL,NULL,NULL),('350100','350000',2,'350100','福州市','fzs',350100,NULL,'',NULL,'2016-07-20 00:00:00',NULL,NULL,NULL,NULL,NULL),('350200','350000',2,'350200','厦门市','xms',350200,NULL,'',NULL,'2016-07-20 00:00:00',NULL,NULL,NULL,NULL,NULL),('350300','350000',2,'350300','莆田市','pts',350300,NULL,'',NULL,'2016-07-20 00:00:00',NULL,NULL,NULL,NULL,NULL),('350400','350000',2,'350400','三明市','sms',350400,NULL,'',NULL,'2016-07-20 00:00:00',NULL,NULL,NULL,NULL,NULL),('350500','350000',2,'350500','泉州市','qzs',350500,NULL,'',NULL,'2016-07-20 00:00:00',NULL,NULL,NULL,NULL,NULL),('350600','350000',2,'350600','漳州市','zzs',350600,NULL,'',NULL,'2016-07-20 00:00:00',NULL,NULL,NULL,NULL,NULL),('350700','350000',2,'350700','南平市','nps',350700,NULL,'',NULL,'2016-07-20 00:00:00',NULL,NULL,NULL,NULL,NULL),('350800','350000',2,'350800','龙岩市','lys',350800,NULL,'',NULL,'2016-07-20 00:00:00',NULL,NULL,NULL,NULL,NULL),('350900','350000',2,'350900','宁德市','nds',350900,NULL,'',NULL,'2016-07-20 00:00:00',NULL,NULL,NULL,NULL,NULL),('360000','0',1,'360000','江西省','jxs',360000,NULL,'',NULL,'2016-07-20 00:00:00',NULL,NULL,NULL,NULL,NULL),('360100','360000',2,'360100','南昌市','ncs',360100,NULL,'',NULL,'2016-07-20 00:00:00',NULL,NULL,NULL,NULL,NULL),('360200','360000',2,'360200','景德镇市','jdzs',360200,NULL,'',NULL,'2016-07-20 00:00:00',NULL,NULL,NULL,NULL,NULL),('360300','360000',2,'360300','萍乡市','pxs',360300,NULL,'',NULL,'2016-07-20 00:00:00',NULL,NULL,NULL,NULL,NULL),('360400','360000',2,'360400','九江市','jjs',360400,NULL,'',NULL,'2016-07-20 00:00:00',NULL,NULL,NULL,NULL,NULL),('360500','360000',2,'360500','新余市','xys',360500,NULL,'',NULL,'2016-07-20 00:00:00',NULL,NULL,NULL,NULL,NULL),('360600','360000',2,'360600','鹰潭市','yts',360600,NULL,'',NULL,'2016-07-20 00:00:00',NULL,NULL,NULL,NULL,NULL),('360700','360000',2,'360700','赣州市','gzs',360700,NULL,'',NULL,'2016-07-20 00:00:00',NULL,NULL,NULL,NULL,NULL),('360800','360000',2,'360800','吉安市','jas',360800,NULL,'',NULL,'2016-07-20 00:00:00',NULL,NULL,NULL,NULL,NULL),('360900','360000',2,'360900','宜春市','ycs',360900,NULL,'',NULL,'2016-07-20 00:00:00',NULL,NULL,NULL,NULL,NULL),('361000','360000',2,'361000','抚州市','fzs',361000,NULL,'',NULL,'2016-07-20 00:00:00',NULL,NULL,NULL,NULL,NULL),('361100','360000',2,'361100','上饶市','srs',361100,NULL,'',NULL,'2016-07-20 00:00:00',NULL,NULL,NULL,NULL,NULL),('370000','0',1,'370000','山东省','sds',370000,NULL,'',NULL,'2016-07-20 00:00:00',NULL,NULL,NULL,NULL,NULL),('370100','370000',2,'370100','济南市','jns',370100,NULL,'',NULL,'2016-07-20 00:00:00',NULL,NULL,NULL,NULL,NULL),('370200','370000',2,'370200','青岛市','qds',370200,NULL,'',NULL,'2016-07-20 00:00:00',NULL,NULL,NULL,NULL,NULL),('370300','370000',2,'370300','淄博市','zbs',370300,NULL,'',NULL,'2016-07-20 00:00:00',NULL,NULL,NULL,NULL,NULL),('370400','370000',2,'370400','枣庄市','zzs',370400,NULL,'',NULL,'2016-07-20 00:00:00',NULL,NULL,NULL,NULL,NULL),('370500','370000',2,'370500','东营市','dys',370500,NULL,'',NULL,'2016-07-20 00:00:00',NULL,NULL,NULL,NULL,NULL),('370600','370000',2,'370600','烟台市','yts',370600,NULL,'',NULL,'2016-07-20 00:00:00',NULL,NULL,NULL,NULL,NULL),('370700','370000',2,'370700','潍坊市','wfs',370700,NULL,'',NULL,'2016-07-20 00:00:00',NULL,NULL,NULL,NULL,NULL),('370800','370000',2,'370800','济宁市','jns',370800,NULL,'',NULL,'2016-07-20 00:00:00',NULL,NULL,NULL,NULL,NULL),('370900','370000',2,'370900','泰安市','tas',370900,NULL,'',NULL,'2016-07-20 00:00:00',NULL,NULL,NULL,NULL,NULL),('371000','370000',2,'371000','威海市','whs',371000,NULL,'',NULL,'2016-07-20 00:00:00',NULL,NULL,NULL,NULL,NULL),('371100','370000',2,'371100','日照市','rzs',371100,NULL,'',NULL,'2016-07-20 00:00:00',NULL,NULL,NULL,NULL,NULL),('371200','370000',2,'371200','莱芜市','lws',371200,NULL,'',NULL,'2016-07-20 00:00:00',NULL,NULL,NULL,NULL,NULL),('371300','370000',2,'371300','临沂市','lys',371300,NULL,'',NULL,'2016-07-20 00:00:00',NULL,NULL,NULL,NULL,NULL),('371400','370000',2,'371400','德州市','dzs',371400,NULL,'',NULL,'2016-07-20 00:00:00',NULL,NULL,NULL,NULL,NULL),('371500','370000',2,'371500','聊城市','lcs',371500,NULL,'',NULL,'2016-07-20 00:00:00',NULL,NULL,NULL,NULL,NULL),('371600','370000',2,'371600','滨州市','bzs',371600,NULL,'',NULL,'2016-07-20 00:00:00',NULL,NULL,NULL,NULL,NULL),('371700','370000',2,'371700','菏泽市','hzs',371700,NULL,'',NULL,'2016-07-20 00:00:00',NULL,NULL,NULL,NULL,NULL),('410000','0',1,'410000','河南省','hns',410000,NULL,'',NULL,'2016-07-20 00:00:00',NULL,NULL,NULL,NULL,NULL),('410100','410000',2,'410100','郑州市','zzs',410100,NULL,'',NULL,'2016-07-20 00:00:00',NULL,NULL,NULL,NULL,NULL),('410200','410000',2,'410200','开封市','kfs',410200,NULL,'',NULL,'2016-07-20 00:00:00',NULL,NULL,NULL,NULL,NULL),('410300','410000',2,'410300','洛阳市','lys',410300,NULL,'',NULL,'2016-07-20 00:00:00',NULL,NULL,NULL,NULL,NULL),('410400','410000',2,'410400','平顶山市','pdss',410400,NULL,'',NULL,'2016-07-20 00:00:00',NULL,NULL,NULL,NULL,NULL),('410500','410000',2,'410500','安阳市','ays',410500,NULL,'',NULL,'2016-07-20 00:00:00',NULL,NULL,NULL,NULL,NULL),('410600','410000',2,'410600','鹤壁市','hbs',410600,NULL,'',NULL,'2016-07-20 00:00:00',NULL,NULL,NULL,NULL,NULL),('410700','410000',2,'410700','新乡市','xxs',410700,NULL,'',NULL,'2016-07-20 00:00:00',NULL,NULL,NULL,NULL,NULL),('410800','410000',2,'410800','焦作市','jzs',410800,NULL,'',NULL,'2016-07-20 00:00:00',NULL,NULL,NULL,NULL,NULL),('410881','410000',2,'410881','济源市','jys',410881,NULL,'',NULL,'2016-07-20 00:00:00',NULL,NULL,NULL,NULL,NULL),('410900','410000',2,'410900','濮阳市','pys',410900,NULL,'',NULL,'2016-07-20 00:00:00',NULL,NULL,NULL,NULL,NULL),('411000','410000',2,'411000','许昌市','xcs',411000,NULL,'',NULL,'2016-07-20 00:00:00',NULL,NULL,NULL,NULL,NULL),('411100','410000',2,'411100','漯河市','lhs',411100,NULL,'',NULL,'2016-07-20 00:00:00',NULL,NULL,NULL,NULL,NULL),('411200','410000',2,'411200','三门峡市','smxs',411200,NULL,'',NULL,'2016-07-20 00:00:00',NULL,NULL,NULL,NULL,NULL),('411300','410000',2,'411300','南阳市','nys',411300,NULL,'',NULL,'2016-07-20 00:00:00',NULL,NULL,NULL,NULL,NULL),('411400','410000',2,'411400','商丘市','sqs',411400,NULL,'',NULL,'2016-07-20 00:00:00',NULL,NULL,NULL,NULL,NULL),('411500','410000',2,'411500','信阳市','xys',411500,NULL,'',NULL,'2016-07-20 00:00:00',NULL,NULL,NULL,NULL,NULL),('411600','410000',2,'411600','周口市','zks',411600,NULL,'',NULL,'2016-07-20 00:00:00',NULL,NULL,NULL,NULL,NULL),('411700','410000',2,'411700','驻马店市','zmds',411700,NULL,'',NULL,'2016-07-20 00:00:00',NULL,NULL,NULL,NULL,NULL),('420000','0',1,'420000','湖北省','hbs',420000,NULL,'',NULL,'2016-07-20 00:00:00',NULL,NULL,NULL,NULL,NULL),('420100','420000',2,'420100','武汉市','whs',420100,NULL,'',NULL,'2016-07-20 00:00:00',NULL,NULL,NULL,NULL,NULL),('420200','420000',2,'420200','黄石市','hss',420200,NULL,'',NULL,'2016-07-20 00:00:00',NULL,NULL,NULL,NULL,NULL),('420300','420000',2,'420300','十堰市','sys',420300,NULL,'',NULL,'2016-07-20 00:00:00',NULL,NULL,NULL,NULL,NULL),('420500','420000',2,'420500','宜昌市','ycs',420500,NULL,'',NULL,'2016-07-20 00:00:00',NULL,NULL,NULL,NULL,NULL),('420600','420000',2,'420600','襄阳市','xys',420600,NULL,'',NULL,'2016-07-20 00:00:00',NULL,NULL,NULL,NULL,NULL),('420700','420000',2,'420700','鄂州市','ezs',420700,NULL,'',NULL,'2016-07-20 00:00:00',NULL,NULL,NULL,NULL,NULL),('420800','420000',2,'420800','荆门市','jms',420800,NULL,'',NULL,'2016-07-20 00:00:00',NULL,NULL,NULL,NULL,NULL),('420900','420000',2,'420900','孝感市','xgs',420900,NULL,'',NULL,'2016-07-20 00:00:00',NULL,NULL,NULL,NULL,NULL),('421000','420000',2,'421000','荆州市','jzs',421000,NULL,'',NULL,'2016-07-20 00:00:00',NULL,NULL,NULL,NULL,NULL),('421100','420000',2,'421100','黄冈市','hgs',421100,NULL,'',NULL,'2016-07-20 00:00:00',NULL,NULL,NULL,NULL,NULL),('421200','420000',2,'421200','咸宁市','xns',421200,NULL,'',NULL,'2016-07-20 00:00:00',NULL,NULL,NULL,NULL,NULL),('421300','420000',2,'421300','随州市','szs',421300,NULL,'',NULL,'2016-07-20 00:00:00',NULL,NULL,NULL,NULL,NULL),('422800','420000',2,'422800','恩施土家族苗族自治州','estjzmzzzz',422800,NULL,'',NULL,'2016-07-20 00:00:00',NULL,NULL,NULL,NULL,NULL),('430000','0',1,'430000','湖南省','hns',430000,NULL,'',NULL,'2016-07-20 00:00:00',NULL,NULL,NULL,NULL,NULL),('430100','430000',2,'430100','长沙市','zss',430100,NULL,'',NULL,'2016-07-20 00:00:00',NULL,NULL,NULL,NULL,NULL),('430200','430000',2,'430200','株洲市','zzs',430200,NULL,'',NULL,'2016-07-20 00:00:00',NULL,NULL,NULL,NULL,NULL),('430300','430000',2,'430300','湘潭市','xts',430300,NULL,'',NULL,'2016-07-20 00:00:00',NULL,NULL,NULL,NULL,NULL),('430400','430000',2,'430400','衡阳市','hys',430400,NULL,'',NULL,'2016-07-20 00:00:00',NULL,NULL,NULL,NULL,NULL),('430500','430000',2,'430500','邵阳市','sys',430500,NULL,'',NULL,'2016-07-20 00:00:00',NULL,NULL,NULL,NULL,NULL),('430600','430000',2,'430600','岳阳市','yys',430600,NULL,'',NULL,'2016-07-20 00:00:00',NULL,NULL,NULL,NULL,NULL),('430700','430000',2,'430700','常德市','cds',430700,NULL,'',NULL,'2016-07-20 00:00:00',NULL,NULL,NULL,NULL,NULL),('430800','430000',2,'430800','张家界市','zjjs',430800,NULL,'',NULL,'2016-07-20 00:00:00',NULL,NULL,NULL,NULL,NULL),('430900','430000',2,'430900','益阳市','yys',430900,NULL,'',NULL,'2016-07-20 00:00:00',NULL,NULL,NULL,NULL,NULL),('431000','430000',2,'431000','郴州市','czs',431000,NULL,'',NULL,'2016-07-20 00:00:00',NULL,NULL,NULL,NULL,NULL),('431100','430000',2,'431100','永州市','yzs',431100,NULL,'',NULL,'2016-07-20 00:00:00',NULL,NULL,NULL,NULL,NULL),('431200','430000',2,'431200','怀化市','hhs',431200,NULL,'',NULL,'2016-07-20 00:00:00',NULL,NULL,NULL,NULL,NULL),('431300','430000',2,'431300','娄底市','lds',431300,NULL,'',NULL,'2016-07-20 00:00:00',NULL,NULL,NULL,NULL,NULL),('433100','430000',2,'433100','湘西土家族苗族自治州','xxtjzmzzzz',433100,NULL,'',NULL,'2016-07-20 00:00:00',NULL,NULL,NULL,NULL,NULL),('440000','0',1,'440000','广东省','gds',440000,NULL,'',NULL,'2016-07-20 00:00:00',NULL,NULL,NULL,NULL,NULL),('440100','440000',2,'440100','广州市','gzs',440100,NULL,'',NULL,'2016-07-20 00:00:00',NULL,NULL,NULL,NULL,NULL),('440200','440000',2,'440200','韶关市','sgs',440200,NULL,'',NULL,'2016-07-20 00:00:00',NULL,NULL,NULL,NULL,NULL),('440300','440000',2,'440300','深圳市','szs',440300,NULL,'',NULL,'2016-07-20 00:00:00',NULL,NULL,NULL,NULL,NULL),('440400','440000',2,'440400','珠海市','zhs',440400,NULL,'',NULL,'2016-07-20 00:00:00',NULL,NULL,NULL,NULL,NULL),('440500','440000',2,'440500','汕头市','sts',440500,NULL,'',NULL,'2016-07-20 00:00:00',NULL,NULL,NULL,NULL,NULL),('440600','440000',2,'440600','佛山市','fss',440600,NULL,'',NULL,'2016-07-20 00:00:00',NULL,NULL,NULL,NULL,NULL),('440700','440000',2,'440700','江门市','jms',440700,NULL,'',NULL,'2016-07-20 00:00:00',NULL,NULL,NULL,NULL,NULL),('440800','440000',2,'440800','湛江市','zjs',440800,NULL,'',NULL,'2016-07-20 00:00:00',NULL,NULL,NULL,NULL,NULL),('440900','440000',2,'440900','茂名市','mms',440900,NULL,'',NULL,'2016-07-20 00:00:00',NULL,NULL,NULL,NULL,NULL),('441200','440000',2,'441200','肇庆市','zqs',441200,NULL,'',NULL,'2016-07-20 00:00:00',NULL,NULL,NULL,NULL,NULL),('441300','440000',2,'441300','惠州市','hzs',441300,NULL,'',NULL,'2016-07-20 00:00:00',NULL,NULL,NULL,NULL,NULL),('441400','440000',2,'441400','梅州市','mzs',441400,NULL,'',NULL,'2016-07-20 00:00:00',NULL,NULL,NULL,NULL,NULL),('441500','440000',2,'441500','汕尾市','sws',441500,NULL,'',NULL,'2016-07-20 00:00:00',NULL,NULL,NULL,NULL,NULL),('441600','440000',2,'441600','河源市','hys',441600,NULL,'',NULL,'2016-07-20 00:00:00',NULL,NULL,NULL,NULL,NULL),('441700','440000',2,'441700','阳江市','yjs',441700,NULL,'',NULL,'2016-07-20 00:00:00',NULL,NULL,NULL,NULL,NULL),('441800','440000',2,'441800','清远市','qys',441800,NULL,'',NULL,'2016-07-20 00:00:00',NULL,NULL,NULL,NULL,NULL),('445100','440000',2,'445100','潮州市','czs',445100,NULL,'',NULL,'2016-07-20 00:00:00',NULL,NULL,NULL,NULL,NULL),('445200','440000',2,'445200','揭阳市','jys',445200,NULL,'',NULL,'2016-07-20 00:00:00',NULL,NULL,NULL,NULL,NULL),('445300','440000',2,'445300','云浮市','yfs',445300,NULL,'',NULL,'2016-07-20 00:00:00',NULL,NULL,NULL,NULL,NULL),('450000','0',1,'450000','广西壮族自治区','gxzzzzq',450000,NULL,'',NULL,'2016-07-20 00:00:00',NULL,NULL,NULL,NULL,NULL),('450100','450000',2,'450100','南宁市','nns',450100,NULL,'',NULL,'2016-07-20 00:00:00',NULL,NULL,NULL,NULL,NULL),('450200','450000',2,'450200','柳州市','lzs',450200,NULL,'',NULL,'2016-07-20 00:00:00',NULL,NULL,NULL,NULL,NULL),('450300','450000',2,'450300','桂林市','gls',450300,NULL,'',NULL,'2016-07-20 00:00:00',NULL,NULL,NULL,NULL,NULL),('450400','450000',2,'450400','梧州市','wzs',450400,NULL,'',NULL,'2016-07-20 00:00:00',NULL,NULL,NULL,NULL,NULL),('450500','450000',2,'450500','北海市','bhs',450500,NULL,'',NULL,'2016-07-20 00:00:00',NULL,NULL,NULL,NULL,NULL),('450600','450000',2,'450600','防城港市','fcgs',450600,NULL,'',NULL,'2016-07-20 00:00:00',NULL,NULL,NULL,NULL,NULL),('450700','450000',2,'450700','钦州市','qzs',450700,NULL,'',NULL,'2016-07-20 00:00:00',NULL,NULL,NULL,NULL,NULL),('450800','450000',2,'450800','贵港市','ggs',450800,NULL,'',NULL,'2016-07-20 00:00:00',NULL,NULL,NULL,NULL,NULL),('450900','450000',2,'450900','玉林市','yls',450900,NULL,'',NULL,'2016-07-20 00:00:00',NULL,NULL,NULL,NULL,NULL),('451000','450000',2,'451000','百色市','bss',451000,NULL,'',NULL,'2016-07-20 00:00:00',NULL,NULL,NULL,NULL,NULL),('451100','450000',2,'451100','贺州市','hzs',451100,NULL,'',NULL,'2016-07-20 00:00:00',NULL,NULL,NULL,NULL,NULL),('451200','450000',2,'451200','河池市','hcs',451200,NULL,'',NULL,'2016-07-20 00:00:00',NULL,NULL,NULL,NULL,NULL),('451300','450000',2,'451300','来宾市','lbs',451300,NULL,'',NULL,'2016-07-20 00:00:00',NULL,NULL,NULL,NULL,NULL),('451400','450000',2,'451400','崇左市','czs',451400,NULL,'',NULL,'2016-07-20 00:00:00',NULL,NULL,NULL,NULL,NULL),('460000','0',1,'460000','海南省','hns',460000,NULL,'',NULL,'2016-07-20 00:00:00',NULL,NULL,NULL,NULL,NULL),('460100','460000',2,'460100','海口市','hks',460100,NULL,'',NULL,'2016-07-20 00:00:00',NULL,NULL,NULL,NULL,NULL),('500000','0',1,'500000','重庆','zq',500000,NULL,'',NULL,'2016-07-20 00:00:00',NULL,NULL,NULL,NULL,NULL),('500100','500000',2,'500100','重庆市','zqs',500100,NULL,'',NULL,'2016-07-20 00:00:00',NULL,NULL,NULL,NULL,NULL),('510000','0',1,'510000','四川省','scs',510000,NULL,'',NULL,'2016-07-20 00:00:00',NULL,NULL,NULL,NULL,NULL),('510100','510000',2,'510100','成都市','cds',510100,NULL,'',NULL,'2016-07-20 00:00:00',NULL,NULL,NULL,NULL,NULL),('510300','510000',2,'510300','自贡市','zgs',510300,NULL,'',NULL,'2016-07-20 00:00:00',NULL,NULL,NULL,NULL,NULL),('510400','510000',2,'510400','攀枝花市','pzhs',510400,NULL,'',NULL,'2016-07-20 00:00:00',NULL,NULL,NULL,NULL,NULL),('510500','510000',2,'510500','泸州市','lzs',510500,NULL,'',NULL,'2016-07-20 00:00:00',NULL,NULL,NULL,NULL,NULL),('510600','510000',2,'510600','德阳市','dys',510600,NULL,'',NULL,'2016-07-20 00:00:00',NULL,NULL,NULL,NULL,NULL),('510700','510000',2,'510700','绵阳市','mys',510700,NULL,'',NULL,'2016-07-20 00:00:00',NULL,NULL,NULL,NULL,NULL),('510800','510000',2,'510800','广元市','gys',510800,NULL,'',NULL,'2016-07-20 00:00:00',NULL,NULL,NULL,NULL,NULL),('510900','510000',2,'510900','遂宁市','sns',510900,NULL,'',NULL,'2016-07-20 00:00:00',NULL,NULL,NULL,NULL,NULL),('511000','510000',2,'511000','内江市','njs',511000,NULL,'',NULL,'2016-07-20 00:00:00',NULL,NULL,NULL,NULL,NULL),('511100','510000',2,'511100','乐山市','yss',511100,NULL,'',NULL,'2016-07-20 00:00:00',NULL,NULL,NULL,NULL,NULL),('511300','510000',2,'511300','南充市','ncs',511300,NULL,'',NULL,'2016-07-20 00:00:00',NULL,NULL,NULL,NULL,NULL),('511400','510000',2,'511400','眉山市','mss',511400,NULL,'',NULL,'2016-07-20 00:00:00',NULL,NULL,NULL,NULL,NULL),('511500','510000',2,'511500','宜宾市','ybs',511500,NULL,'',NULL,'2016-07-20 00:00:00',NULL,NULL,NULL,NULL,NULL),('511600','510000',2,'511600','广安市','gas',511600,NULL,'',NULL,'2016-07-20 00:00:00',NULL,NULL,NULL,NULL,NULL),('511700','510000',2,'511700','达州市','dzs',511700,NULL,'',NULL,'2016-07-20 00:00:00',NULL,NULL,NULL,NULL,NULL),('511800','510000',2,'511800','雅安市','yas',511800,NULL,'',NULL,'2016-07-20 00:00:00',NULL,NULL,NULL,NULL,NULL),('511900','510000',2,'511900','巴中市','bzs',511900,NULL,'',NULL,'2016-07-20 00:00:00',NULL,NULL,NULL,NULL,NULL),('512000','510000',2,'512000','资阳市','zys',512000,NULL,'',NULL,'2016-07-20 00:00:00',NULL,NULL,NULL,NULL,NULL),('513200','510000',2,'513200','阿坝藏族羌族自治州','abzzqzzzz',513200,NULL,'',NULL,'2016-07-20 00:00:00',NULL,NULL,NULL,NULL,NULL),('513300','510000',2,'513300','甘孜藏族自治州','gzzzzzz',513300,NULL,'',NULL,'2016-07-20 00:00:00',NULL,NULL,NULL,NULL,NULL),('513400','510000',2,'513400','凉山彝族自治州','lsyzzzz',513400,NULL,'',NULL,'2016-07-20 00:00:00',NULL,NULL,NULL,NULL,NULL),('520000','0',1,'520000','贵州省','gzs',520000,NULL,'',NULL,'2016-07-20 00:00:00',NULL,NULL,NULL,NULL,NULL),('520100','520000',2,'520100','贵阳市','gys',520100,NULL,'',NULL,'2016-07-20 00:00:00',NULL,NULL,NULL,NULL,NULL),('520200','520000',2,'520200','六盘水市','lpss',520200,NULL,'',NULL,'2016-07-20 00:00:00',NULL,NULL,NULL,NULL,NULL),('520300','520000',2,'520300','遵义市','zys',520300,NULL,'',NULL,'2016-07-20 00:00:00',NULL,NULL,NULL,NULL,NULL),('520400','520000',2,'520400','安顺市','ass',520400,NULL,'',NULL,'2016-07-20 00:00:00',NULL,NULL,NULL,NULL,NULL),('522200','520000',2,'522200','铜仁市','trs',522200,NULL,'',NULL,'2016-07-20 00:00:00',NULL,NULL,NULL,NULL,NULL),('522300','520000',2,'522300','黔西南布依族苗族自治州','qxnbyzmzzzz',522300,NULL,'',NULL,'2016-07-20 00:00:00',NULL,NULL,NULL,NULL,NULL),('522400','520000',2,'522400','毕节市','bjs',522400,NULL,'',NULL,'2016-07-20 00:00:00',NULL,NULL,NULL,NULL,NULL),('522600','520000',2,'522600','黔东南苗族侗族自治州','qdnmztzzzz',522600,NULL,'',NULL,'2016-07-20 00:00:00',NULL,NULL,NULL,NULL,NULL),('522700','520000',2,'522700','黔南布依族苗族自治州','qnbyzmzzzz',522700,NULL,'',NULL,'2016-07-20 00:00:00',NULL,NULL,NULL,NULL,NULL),('530000','0',1,'530000','云南省','yns',530000,NULL,'',NULL,'2016-07-20 00:00:00',NULL,NULL,NULL,NULL,NULL),('530100','530000',2,'530100','昆明市','kms',530100,NULL,'',NULL,'2016-07-20 00:00:00',NULL,NULL,NULL,NULL,NULL),('530300','530000',2,'530300','曲靖市','qjs',530300,NULL,'',NULL,'2016-07-20 00:00:00',NULL,NULL,NULL,NULL,NULL),('530400','530000',2,'530400','玉溪市','yxs',530400,NULL,'',NULL,'2016-07-20 00:00:00',NULL,NULL,NULL,NULL,NULL),('530500','530000',2,'530500','保山市','bss',530500,NULL,'',NULL,'2016-07-20 00:00:00',NULL,NULL,NULL,NULL,NULL),('530600','530000',2,'530600','昭通市','zts',530600,NULL,'',NULL,'2016-07-20 00:00:00',NULL,NULL,NULL,NULL,NULL),('530700','530000',2,'530700','丽江市','ljs',530700,NULL,'',NULL,'2016-07-20 00:00:00',NULL,NULL,NULL,NULL,NULL),('530800','530000',2,'530800','普洱市','pes',530800,NULL,'',NULL,'2016-07-20 00:00:00',NULL,NULL,NULL,NULL,NULL),('530900','530000',2,'530900','临沧市','lcs',530900,NULL,'',NULL,'2016-07-20 00:00:00',NULL,NULL,NULL,NULL,NULL),('532300','530000',2,'532300','楚雄彝族自治州','cxyzzzz',532300,NULL,'',NULL,'2016-07-20 00:00:00',NULL,NULL,NULL,NULL,NULL),('532500','530000',2,'532500','红河哈尼族彝族自治州','hhhnzyzzzz',532500,NULL,'',NULL,'2016-07-20 00:00:00',NULL,NULL,NULL,NULL,NULL),('532600','530000',2,'532600','文山壮族苗族自治州','wszzmzzzz',532600,NULL,'',NULL,'2016-07-20 00:00:00',NULL,NULL,NULL,NULL,NULL),('532800','530000',2,'532800','西双版纳傣族自治州','xsbndzzzz',532800,NULL,'',NULL,'2016-07-20 00:00:00',NULL,NULL,NULL,NULL,NULL),('532900','530000',2,'532900','大理白族自治州','dlbzzzz',532900,NULL,'',NULL,'2016-07-20 00:00:00',NULL,NULL,NULL,NULL,NULL),('533100','530000',2,'533100','德宏傣族景颇族自治州','dhdzjpzzzz',533100,NULL,'',NULL,'2016-07-20 00:00:00',NULL,NULL,NULL,NULL,NULL),('533300','530000',2,'533300','怒江傈僳族自治州','njlszzzz',533300,NULL,'',NULL,'2016-07-20 00:00:00',NULL,NULL,NULL,NULL,NULL),('533400','530000',2,'533400','迪庆藏族自治州','dqzzzzz',533400,NULL,'',NULL,'2016-07-20 00:00:00',NULL,NULL,NULL,NULL,NULL),('540000','0',1,'540000','西藏自治区','xzzzq',540000,NULL,'',NULL,'2016-07-20 00:00:00',NULL,NULL,NULL,NULL,NULL),('540100','540000',2,'540100','拉萨市','lss',540100,NULL,'',NULL,'2016-07-20 00:00:00',NULL,NULL,NULL,NULL,NULL),('542100','540000',2,'542100','昌都地区','cddq',542100,NULL,'',NULL,'2016-07-20 00:00:00',NULL,NULL,NULL,NULL,NULL),('542200','540000',2,'542200','山南地区','sndq',542200,NULL,'',NULL,'2016-07-20 00:00:00',NULL,NULL,NULL,NULL,NULL),('542300','540000',2,'542300','日喀则地区','rkzdq',542300,NULL,'',NULL,'2016-07-20 00:00:00',NULL,NULL,NULL,NULL,NULL),('542400','540000',2,'542400','那曲地区','nqdq',542400,NULL,'',NULL,'2016-07-20 00:00:00',NULL,NULL,NULL,NULL,NULL),('542500','540000',2,'542500','阿里地区','aldq',542500,NULL,'',NULL,'2016-07-20 00:00:00',NULL,NULL,NULL,NULL,NULL),('542600','540000',2,'542600','林芝地区','lzdq',542600,NULL,'',NULL,'2016-07-20 00:00:00',NULL,NULL,NULL,NULL,NULL),('610000','0',1,'610000','陕西省','sxs',610000,NULL,'',NULL,'2016-07-20 00:00:00',NULL,NULL,NULL,NULL,NULL),('610100','610000',2,'610100','西安市','xas',610100,NULL,'',NULL,'2016-07-20 00:00:00',NULL,NULL,NULL,NULL,NULL),('610200','610000',2,'610200','铜川市','tcs',610200,NULL,'',NULL,'2016-07-20 00:00:00',NULL,NULL,NULL,NULL,NULL),('610300','610000',2,'610300','宝鸡市','bjs',610300,NULL,'',NULL,'2016-07-20 00:00:00',NULL,NULL,NULL,NULL,NULL),('610400','610000',2,'610400','咸阳市','xys',610400,NULL,'',NULL,'2016-07-20 00:00:00',NULL,NULL,NULL,NULL,NULL),('610500','610000',2,'610500','渭南市','wns',610500,NULL,'',NULL,'2016-07-20 00:00:00',NULL,NULL,NULL,NULL,NULL),('610600','610000',2,'610600','延安市','yas',610600,NULL,'',NULL,'2016-07-20 00:00:00',NULL,NULL,NULL,NULL,NULL),('610700','610000',2,'610700','汉中市','hzs',610700,NULL,'',NULL,'2016-07-20 00:00:00',NULL,NULL,NULL,NULL,NULL),('610800','610000',2,'610800','榆林市','yls',610800,NULL,'',NULL,'2016-07-20 00:00:00',NULL,NULL,NULL,NULL,NULL),('610900','610000',2,'610900','安康市','aks',610900,NULL,'',NULL,'2016-07-20 00:00:00',NULL,NULL,NULL,NULL,NULL),('611000','610000',2,'611000','商洛市','sls',611000,NULL,'',NULL,'2016-07-20 00:00:00',NULL,NULL,NULL,NULL,NULL),('620000','0',1,'620000','甘肃省','gss',620000,NULL,'',NULL,'2016-07-20 00:00:00',NULL,NULL,NULL,NULL,NULL),('620100','620000',2,'620100','兰州市','lzs',620100,NULL,'',NULL,'2016-07-20 00:00:00',NULL,NULL,NULL,NULL,NULL),('620200','620000',2,'620200','嘉峪关市','jygs',620200,NULL,'',NULL,'2016-07-20 00:00:00',NULL,NULL,NULL,NULL,NULL),('620300','620000',2,'620300','金昌市','jcs',620300,NULL,'',NULL,'2016-07-20 00:00:00',NULL,NULL,NULL,NULL,NULL),('620400','620000',2,'620400','白银市','bys',620400,NULL,'',NULL,'2016-07-20 00:00:00',NULL,NULL,NULL,NULL,NULL),('620500','620000',2,'620500','天水市','tss',620500,NULL,'',NULL,'2016-07-20 00:00:00',NULL,NULL,NULL,NULL,NULL),('620600','620000',2,'620600','武威市','wws',620600,NULL,'',NULL,'2016-07-20 00:00:00',NULL,NULL,NULL,NULL,NULL),('620700','620000',2,'620700','张掖市','zys',620700,NULL,'',NULL,'2016-07-20 00:00:00',NULL,NULL,NULL,NULL,NULL),('620800','620000',2,'620800','平凉市','pls',620800,NULL,'',NULL,'2016-07-20 00:00:00',NULL,NULL,NULL,NULL,NULL),('620900','620000',2,'620900','酒泉市','jqs',620900,NULL,'',NULL,'2016-07-20 00:00:00',NULL,NULL,NULL,NULL,NULL),('621000','620000',2,'621000','庆阳市','qys',621000,NULL,'',NULL,'2016-07-20 00:00:00',NULL,NULL,NULL,NULL,NULL),('621100','620000',2,'621100','定西市','dxs',621100,NULL,'',NULL,'2016-07-20 00:00:00',NULL,NULL,NULL,NULL,NULL),('621200','620000',2,'621200','陇南市','lns',621200,NULL,'',NULL,'2016-07-20 00:00:00',NULL,NULL,NULL,NULL,NULL),('622900','620000',2,'622900','临夏回族自治州','lxhzzzz',622900,NULL,'',NULL,'2016-07-20 00:00:00',NULL,NULL,NULL,NULL,NULL),('623000','620000',2,'623000','甘南藏族自治州','gnzzzzz',623000,NULL,'',NULL,'2016-07-20 00:00:00',NULL,NULL,NULL,NULL,NULL),('630000','0',1,'630000','青海省','qhs',630000,NULL,'',NULL,'2016-07-20 00:00:00',NULL,NULL,NULL,NULL,NULL),('630100','630000',2,'630100','西宁市','xns',630100,NULL,'',NULL,'2016-07-20 00:00:00',NULL,NULL,NULL,NULL,NULL),('632100','630000',2,'632100','海东市','hds',632100,NULL,'',NULL,'2016-07-20 00:00:00',NULL,NULL,NULL,NULL,NULL),('632200','630000',2,'632200','海北藏族自治州','hbzzzzz',632200,NULL,'',NULL,'2016-07-20 00:00:00',NULL,NULL,NULL,NULL,NULL),('632300','630000',2,'632300','黄南藏族自治州','hnzzzzz',632300,NULL,'',NULL,'2016-07-20 00:00:00',NULL,NULL,NULL,NULL,NULL),('632500','630000',2,'632500','海南藏族自治州','hnzzzzz',632500,NULL,'',NULL,'2016-07-20 00:00:00',NULL,NULL,NULL,NULL,NULL),('632600','630000',2,'632600','果洛藏族自治州','glzzzzz',632600,NULL,'',NULL,'2016-07-20 00:00:00',NULL,NULL,NULL,NULL,NULL),('632700','630000',2,'632700','玉树藏族自治州','yszzzzz',632700,NULL,'',NULL,'2016-07-20 00:00:00',NULL,NULL,NULL,NULL,NULL),('632800','630000',2,'632800','海西蒙古族藏族自治州','hxmgzzzzzz',632800,NULL,'',NULL,'2016-07-20 00:00:00',NULL,NULL,NULL,NULL,NULL),('640000','0',1,'640000','宁夏回族自治区','nxhzzzq',640000,NULL,'',NULL,'2016-07-20 00:00:00',NULL,NULL,NULL,NULL,NULL),('640100','640000',2,'640100','银川市','ycs',640100,NULL,'',NULL,'2016-07-20 00:00:00',NULL,NULL,NULL,NULL,NULL),('640200','640000',2,'640200','石嘴山市','szss',640200,NULL,'',NULL,'2016-07-20 00:00:00',NULL,NULL,NULL,NULL,NULL),('640300','640000',2,'640300','吴忠市','wzs',640300,NULL,'',NULL,'2016-07-20 00:00:00',NULL,NULL,NULL,NULL,NULL),('640400','640000',2,'640400','固原市','gys',640400,NULL,'',NULL,'2016-07-20 00:00:00',NULL,NULL,NULL,NULL,NULL),('640500','640000',2,'640500','中卫市','zws',640500,NULL,'',NULL,'2016-07-20 00:00:00',NULL,NULL,NULL,NULL,NULL),('650000','0',1,'650000','新疆维吾尔自治区','xjwwezzq',650000,NULL,'',NULL,'2016-07-20 00:00:00',NULL,NULL,NULL,NULL,NULL),('650100','650000',2,'650100','乌鲁木齐市','wlmqs',650100,NULL,'',NULL,'2016-07-20 00:00:00',NULL,NULL,NULL,NULL,NULL),('650200','650000',2,'650200','克拉玛依市','klmys',650200,NULL,'',NULL,'2016-07-20 00:00:00',NULL,NULL,NULL,NULL,NULL),('652100','650000',2,'652100','吐鲁番地区','tlfdq',652100,NULL,'',NULL,'2016-07-20 00:00:00',NULL,NULL,NULL,NULL,NULL),('652200','650000',2,'652200','哈密地区','hmdq',652200,NULL,'',NULL,'2016-07-20 00:00:00',NULL,NULL,NULL,NULL,NULL),('652300','650000',2,'652300','昌吉回族自治州','cjhzzzz',652300,NULL,'',NULL,'2016-07-20 00:00:00',NULL,NULL,NULL,NULL,NULL),('652700','650000',2,'652700','博尔塔拉蒙古自治州','betlmgzzz',652700,NULL,'',NULL,'2016-07-20 00:00:00',NULL,NULL,NULL,NULL,NULL),('652800','650000',2,'652800','巴音郭楞蒙古自治州','byglmgzzz',652800,NULL,'',NULL,'2016-07-20 00:00:00',NULL,NULL,NULL,NULL,NULL),('652900','650000',2,'652900','阿克苏地区','aksdq',652900,NULL,'',NULL,'2016-07-20 00:00:00',NULL,NULL,NULL,NULL,NULL),('653000','650000',2,'653000','克孜勒苏柯尔克孜自治州','kzlskekzzzz',653000,NULL,'',NULL,'2016-07-20 00:00:00',NULL,NULL,NULL,NULL,NULL),('653100','650000',2,'653100','喀什地区','ksdq',653100,NULL,'',NULL,'2016-07-20 00:00:00',NULL,NULL,NULL,NULL,NULL),('653200','650000',2,'653200','和田地区','htdq',653200,NULL,'',NULL,'2016-07-20 00:00:00',NULL,NULL,NULL,NULL,NULL),('654000','650000',2,'654000','伊犁哈萨克自治州','ylhskzzz',654000,NULL,'',NULL,'2016-07-20 00:00:00',NULL,NULL,NULL,NULL,NULL),('654200','650000',2,'654200','塔城地区','tcdq',654200,NULL,'',NULL,'2016-07-20 00:00:00',NULL,NULL,NULL,NULL,NULL),('654300','650000',2,'654300','阿勒泰地区','altdq',654300,NULL,'',NULL,'2016-07-20 00:00:00',NULL,NULL,NULL,NULL,NULL),('810000','0',1,'810000','香港特别行政区','xgtbxzq',810000,NULL,'',NULL,'2016-07-20 00:00:00',NULL,NULL,NULL,NULL,NULL),('810100','810000',2,'810100','香港岛','xgd',810100,NULL,'',NULL,'2016-07-20 00:00:00',NULL,NULL,NULL,NULL,NULL),('810200','810000',2,'810200','九龙','jl',810200,NULL,'',NULL,'2016-07-20 00:00:00',NULL,NULL,NULL,NULL,NULL),('810300','810000',2,'810300','新界','xj',810300,NULL,'',NULL,'2016-07-20 00:00:00',NULL,NULL,NULL,NULL,NULL),('820000','0',1,'820000','澳门特别行政区','amtbxzq',820000,NULL,'',NULL,'2016-07-20 00:00:00',NULL,NULL,NULL,NULL,NULL),('820100','820000',2,'820100','澳门半岛','ambd',820100,NULL,'',NULL,'2016-07-20 00:00:00',NULL,NULL,NULL,NULL,NULL),('820300','820000',2,'820300','路环岛','lhd',820300,NULL,'',NULL,'2016-07-20 00:00:00',NULL,NULL,NULL,NULL,NULL),('820400','820000',2,'820400','凼仔岛','dzd',820400,NULL,'',NULL,'2016-07-20 00:00:00',NULL,NULL,NULL,NULL,NULL),('830000','0',1,'830000','台湾省','tws',830000,NULL,'',NULL,'2016-07-20 00:00:00',NULL,NULL,NULL,NULL,NULL),('830100','830000',2,'830100','台北市','tbs',830100,NULL,'',NULL,'2016-07-20 00:00:00',NULL,NULL,NULL,NULL,NULL),('830200','830000',2,'830200','高雄市','gxs',830200,NULL,'',NULL,'2016-07-20 00:00:00',NULL,NULL,NULL,NULL,NULL),('830300','830000',2,'830300','台南市','tns',830300,NULL,'',NULL,'2016-07-20 00:00:00',NULL,NULL,NULL,NULL,NULL),('830400','830000',2,'830400','台中市','tzs',830400,NULL,'',NULL,'2016-07-20 00:00:00',NULL,NULL,NULL,NULL,NULL),('830500','830000',2,'830500','南投县','ntx',830500,NULL,'',NULL,'2016-07-20 00:00:00',NULL,NULL,NULL,NULL,NULL),('830600','830000',2,'830600','基隆市','jls',830600,NULL,'',NULL,'2016-07-20 00:00:00',NULL,NULL,NULL,NULL,NULL),('830700','830000',2,'830700','新竹市','xzs',830700,NULL,'',NULL,'2016-07-20 00:00:00',NULL,NULL,NULL,NULL,NULL),('830800','830000',2,'830800','嘉义市','jys',830800,NULL,'',NULL,'2016-07-20 00:00:00',NULL,NULL,NULL,NULL,NULL),('830900','830000',2,'830900','宜兰县','ylx',830900,NULL,'',NULL,'2016-07-20 00:00:00',NULL,NULL,NULL,NULL,NULL),('831000','830000',2,'831000','新竹县','xzx',831000,NULL,'',NULL,'2016-07-20 00:00:00',NULL,NULL,NULL,NULL,NULL),('831100','830000',2,'831100','桃园县','tyx',831100,NULL,'',NULL,'2016-07-20 00:00:00',NULL,NULL,NULL,NULL,NULL),('831200','830000',2,'831200','苗栗县','mlx',831200,NULL,'',NULL,'2016-07-20 00:00:00',NULL,NULL,NULL,NULL,NULL),('831300','830000',2,'831300','彰化县','zhx',831300,NULL,'',NULL,'2016-07-20 00:00:00',NULL,NULL,NULL,NULL,NULL),('831400','830000',2,'831400','嘉义县','jyx',831400,NULL,'',NULL,'2016-07-20 00:00:00',NULL,NULL,NULL,NULL,NULL),('831500','830000',2,'831500','云林县','ylx',831500,NULL,'',NULL,'2016-07-20 00:00:00',NULL,NULL,NULL,NULL,NULL),('831600','830000',2,'831600','屏东县','pdx',831600,NULL,'',NULL,'2016-07-20 00:00:00',NULL,NULL,NULL,NULL,NULL),('831700','830000',2,'831700','台东县','tdx',831700,NULL,'',NULL,'2016-07-20 00:00:00',NULL,NULL,NULL,NULL,NULL),('831800','830000',2,'831800','花莲县','hlx',831800,NULL,'',NULL,'2016-07-20 00:00:00',NULL,NULL,NULL,NULL,NULL),('831900','830000',2,'831900','澎湖县','phx',831900,NULL,'',NULL,'2016-07-20 00:00:00',NULL,NULL,NULL,NULL,NULL),('832000','830000',2,'832000','新北市','xbs',832000,NULL,'',NULL,'2016-07-20 00:00:00',NULL,NULL,NULL,NULL,NULL),('832100','830000',2,'832100','台中县','tzx',832100,NULL,'',NULL,'2016-07-20 00:00:00',NULL,NULL,NULL,NULL,NULL),('832200','830000',2,'832200','连江县','ljx',832200,NULL,'',NULL,'2016-07-20 00:00:00',NULL,NULL,NULL,NULL,NULL);

/*Table structure for table `sys_dbbackup` */

DROP TABLE IF EXISTS `sys_dbbackup`;

CREATE TABLE `sys_dbbackup` (
  `F_Id` varchar(50) NOT NULL,
  `F_BackupType` varchar(50) DEFAULT NULL,
  `F_DbName` varchar(50) DEFAULT NULL,
  `F_FileName` varchar(50) DEFAULT NULL,
  `F_FileSize` varchar(50) DEFAULT NULL,
  `F_FilePath` varchar(500) DEFAULT NULL,
  `F_BackupTime` datetime DEFAULT NULL,
  `F_SortCode` int(10) DEFAULT NULL,
  `F_DeleteMark` bit(1) DEFAULT NULL,
  `F_EnabledMark` bit(1) DEFAULT NULL,
  `F_Description` varchar(500) DEFAULT NULL,
  `F_CreatorTime` datetime DEFAULT NULL,
  `F_CreatorUserId` varchar(50) DEFAULT NULL,
  `F_LastModifyTime` datetime DEFAULT NULL,
  `F_LastModifyUserId` varchar(50) DEFAULT NULL,
  `F_DeleteTime` datetime DEFAULT NULL,
  `F_DeleteUserId` varchar(500) DEFAULT NULL,
  PRIMARY KEY (`F_Id`),
  UNIQUE KEY `PK_SYS_DBBACKUP` (`F_Id`)
) ENGINE=InnoDB DEFAULT CHARSET=utf8;

/*Data for the table `sys_dbbackup` */

insert  into `sys_dbbackup`(`F_Id`,`F_BackupType`,`F_DbName`,`F_FileName`,`F_FileSize`,`F_FilePath`,`F_BackupTime`,`F_SortCode`,`F_DeleteMark`,`F_EnabledMark`,`F_Description`,`F_CreatorTime`,`F_CreatorUserId`,`F_LastModifyTime`,`F_LastModifyUserId`,`F_DeleteTime`,`F_DeleteUserId`) values ('8b3fb1ff-07ab-46bb-a12a-85e65a9a748d','1','NFineBase','201607190929504502.bak','2.81 MB','/Resource/DbBackup/201607190929504502.bak','2016-07-19 09:29:53',NULL,NULL,'',NULL,'2016-07-19 09:29:53',NULL,NULL,NULL,NULL,NULL),('ddbbfaf3-44b7-4e34-b0c5-c79e21aba83a','1','NFineBase','201607181640402083.bak','2.81 MB','/Resource/DbBackup/201607181640402083.bak','2016-07-18 16:40:42',NULL,NULL,'',NULL,'2016-07-18 16:40:42',NULL,NULL,NULL,NULL,NULL);

/*Table structure for table `sys_filterip` */

DROP TABLE IF EXISTS `sys_filterip`;

CREATE TABLE `sys_filterip` (
  `F_Id` varchar(50) NOT NULL,
  `F_Type` bit(1) DEFAULT NULL,
  `F_StartIP` varchar(50) DEFAULT NULL,
  `F_EndIP` varchar(50) DEFAULT NULL,
  `F_SortCode` int(10) DEFAULT NULL,
  `F_DeleteMark` bit(1) DEFAULT NULL,
  `F_EnabledMark` bit(1) DEFAULT NULL,
  `F_Description` varchar(500) DEFAULT NULL,
  `F_CreatorTime` datetime DEFAULT NULL,
  `F_CreatorUserId` varchar(50) DEFAULT NULL,
  `F_LastModifyTime` datetime DEFAULT NULL,
  `F_LastModifyUserId` varchar(50) DEFAULT NULL,
  `F_DeleteTime` datetime DEFAULT NULL,
  `F_DeleteUserId` varchar(500) DEFAULT NULL,
  PRIMARY KEY (`F_Id`),
  UNIQUE KEY `PK_SYS_FILTERIP` (`F_Id`)
) ENGINE=InnoDB DEFAULT CHARSET=utf8;

/*Data for the table `sys_filterip` */

insert  into `sys_filterip`(`F_Id`,`F_Type`,`F_StartIP`,`F_EndIP`,`F_SortCode`,`F_DeleteMark`,`F_EnabledMark`,`F_Description`,`F_CreatorTime`,`F_CreatorUserId`,`F_LastModifyTime`,`F_LastModifyUserId`,`F_DeleteTime`,`F_DeleteUserId`) values ('4e035f2b-a03b-49b5-a38d-1c6d211a2a04','','192.168.1.1','192.168.1.10',NULL,NULL,'','测试','2016-07-18 17:51:06',NULL,NULL,NULL,NULL,NULL),('b3fbe66f-82cd-4f4a-ada3-61eb5a2d9eee','\0','192.168.0.20','192.168.0.25',NULL,NULL,'',NULL,'2016-07-18 17:52:47',NULL,NULL,NULL,NULL,NULL);

/*Table structure for table `sys_items` */

DROP TABLE IF EXISTS `sys_items`;

CREATE TABLE `sys_items` (
  `F_Id` varchar(50) NOT NULL,
  `F_ParentId` varchar(50) DEFAULT NULL,
  `F_EnCode` varchar(50) DEFAULT NULL,
  `F_FullName` varchar(50) DEFAULT NULL,
  `F_IsTree` bit(1) DEFAULT NULL,
  `F_Layers` int(10) DEFAULT NULL,
  `F_SortCode` int(10) DEFAULT NULL,
  `F_DeleteMark` bit(1) DEFAULT NULL,
  `F_EnabledMark` bit(1) DEFAULT NULL,
  `F_Description` varchar(500) DEFAULT NULL,
  `F_CreatorTime` datetime DEFAULT NULL,
  `F_CreatorUserId` varchar(50) DEFAULT NULL,
  `F_LastModifyTime` datetime DEFAULT NULL,
  `F_LastModifyUserId` varchar(50) DEFAULT NULL,
  `F_DeleteTime` datetime DEFAULT NULL,
  `F_DeleteUserId` varchar(50) DEFAULT NULL,
  PRIMARY KEY (`F_Id`),
  UNIQUE KEY `PK_SYS_ITEMS` (`F_Id`)
) ENGINE=InnoDB DEFAULT CHARSET=utf8;

/*Data for the table `sys_items` */

insert  into `sys_items`(`F_Id`,`F_ParentId`,`F_EnCode`,`F_FullName`,`F_IsTree`,`F_Layers`,`F_SortCode`,`F_DeleteMark`,`F_EnabledMark`,`F_Description`,`F_CreatorTime`,`F_CreatorUserId`,`F_LastModifyTime`,`F_LastModifyUserId`,`F_DeleteTime`,`F_DeleteUserId`) values ('00F76465-DBBA-484A-B75C-E81DEE9313E6','77070117-3F1A-41BA-BF81-B8B85BF10D5E','Education','学历','\0',2,8,'\0','',NULL,NULL,NULL,NULL,NULL,NULL,NULL),('0DF5B725-5FB8-487F-B0E4-BC563A77EB04','77070117-3F1A-41BA-BF81-B8B85BF10D5E','DbType','数据库类型','\0',2,4,'\0','',NULL,NULL,NULL,NULL,NULL,NULL,NULL),('15023A4E-4856-44EB-BE71-36A106E2AA59','77070117-3F1A-41BA-BF81-B8B85BF10D5E','103','民族','\0',2,14,'\0','',NULL,NULL,NULL,NULL,NULL,NULL,NULL),('2748F35F-4EE2-417C-A907-3453146AAF67','77070117-3F1A-41BA-BF81-B8B85BF10D5E','Certificate','证件名称','\0',2,7,'\0','',NULL,NULL,NULL,NULL,NULL,NULL,NULL),('77070117-3F1A-41BA-BF81-B8B85BF10D5E','0','Sys_Items','通用字典','\0',1,1,'\0','',NULL,NULL,NULL,NULL,NULL,NULL,NULL),('8CEB2F71-026C-4FA6-9A61-378127AE7320','77070117-3F1A-41BA-BF81-B8B85BF10D5E','102','生育','\0',2,13,'\0','',NULL,NULL,NULL,NULL,NULL,NULL,NULL),('954AB9A1-9928-4C6D-820A-FC1CDC85CDE0','77070117-3F1A-41BA-BF81-B8B85BF10D5E','AuditState','审核状态','\0',2,6,'\0','',NULL,NULL,NULL,NULL,NULL,NULL,NULL),('9a7079bd-0660-4549-9c2d-db5e8616619f','77070117-3F1A-41BA-BF81-B8B85BF10D5E','DbLogType','系统日志',NULL,NULL,16,NULL,'',NULL,'2016-07-19 17:09:46',NULL,NULL,NULL,NULL,NULL),('9EB4602B-BF9A-4710-9D80-C73CE89BEC5D','77070117-3F1A-41BA-BF81-B8B85BF10D5E','OrganizeCategory','机构分类','\0',2,2,'\0','',NULL,NULL,NULL,NULL,NULL,NULL,NULL),('BDD797C3-2323-4868-9A63-C8CC3437AEAA','77070117-3F1A-41BA-BF81-B8B85BF10D5E','104','性别','\0',2,15,'\0','',NULL,NULL,NULL,NULL,NULL,NULL,NULL),('D94E4DC1-C2FD-4D19-9D5D-3886D39900CE','77070117-3F1A-41BA-BF81-B8B85BF10D5E','RoleType','角色类型','\0',2,3,'\0','',NULL,NULL,NULL,NULL,NULL,NULL,NULL),('FA7537E2-1C64-4431-84BF-66158DD63269','77070117-3F1A-41BA-BF81-B8B85BF10D5E','101','婚姻','\0',2,12,'\0','',NULL,NULL,NULL,NULL,NULL,NULL,NULL);

/*Table structure for table `sys_itemsdetail` */

DROP TABLE IF EXISTS `sys_itemsdetail`;

CREATE TABLE `sys_itemsdetail` (
  `F_Id` varchar(50) NOT NULL,
  `F_ItemId` varchar(50) DEFAULT NULL,
  `F_ParentId` varchar(50) DEFAULT NULL,
  `F_ItemCode` varchar(50) DEFAULT NULL,
  `F_ItemName` varchar(50) DEFAULT NULL,
  `F_SimpleSpelling` varchar(500) DEFAULT NULL,
  `F_IsDefault` bit(1) DEFAULT NULL,
  `F_Layers` int(10) DEFAULT NULL,
  `F_SortCode` int(10) DEFAULT NULL,
  `F_DeleteMark` bit(1) DEFAULT NULL,
  `F_EnabledMark` bit(1) DEFAULT NULL,
  `F_Description` varchar(500) DEFAULT NULL,
  `F_CreatorTime` datetime DEFAULT NULL,
  `F_CreatorUserId` varchar(50) DEFAULT NULL,
  `F_LastModifyTime` datetime DEFAULT NULL,
  `F_LastModifyUserId` varchar(50) DEFAULT NULL,
  `F_DeleteTime` datetime DEFAULT NULL,
  `F_DeleteUserId` varchar(50) DEFAULT NULL,
  PRIMARY KEY (`F_Id`),
  UNIQUE KEY `PK_SYS_ITEMDETAIL` (`F_Id`)
) ENGINE=InnoDB DEFAULT CHARSET=utf8;

/*Data for the table `sys_itemsdetail` */

insert  into `sys_itemsdetail`(`F_Id`,`F_ItemId`,`F_ParentId`,`F_ItemCode`,`F_ItemName`,`F_SimpleSpelling`,`F_IsDefault`,`F_Layers`,`F_SortCode`,`F_DeleteMark`,`F_EnabledMark`,`F_Description`,`F_CreatorTime`,`F_CreatorUserId`,`F_LastModifyTime`,`F_LastModifyUserId`,`F_DeleteTime`,`F_DeleteUserId`) values ('0096ad81-4317-486e-9144-a6a02999ff19','2748F35F-4EE2-417C-A907-3453146AAF67',NULL,'4','护照',NULL,'\0',NULL,4,'\0','',NULL,NULL,NULL,NULL,NULL,NULL,NULL),('04aba88d-f09b-46c6-bd90-a38471399b0e','D94E4DC1-C2FD-4D19-9D5D-3886D39900CE',NULL,'2','业务角色',NULL,'\0',NULL,2,'\0','',NULL,NULL,NULL,NULL,NULL,NULL,NULL),('1950efdf-8685-4341-8d2c-ac85ac7addd0','00F76465-DBBA-484A-B75C-E81DEE9313E6',NULL,'1','小学',NULL,'\0',NULL,1,'\0','',NULL,NULL,NULL,NULL,NULL,NULL,NULL),('19EE595A-E775-409D-A48F-B33CF9F262C7','9EB4602B-BF9A-4710-9D80-C73CE89BEC5D',NULL,'WorkGroup','小组',NULL,'\0',NULL,7,'\0','',NULL,NULL,NULL,NULL,NULL,NULL,NULL),('24e39617-f04e-4f6f-9209-ad71e870e7c6','9a7079bd-0660-4549-9c2d-db5e8616619f',NULL,'Submit','提交',NULL,'\0',NULL,7,NULL,'',NULL,'2016-07-19 17:11:20',NULL,'2016-07-19 18:20:55',NULL,NULL,NULL),('27e85cb8-04e7-447b-911d-dd1e97dfab83','0DF5B725-5FB8-487F-B0E4-BC563A77EB04',NULL,'Oracle','Oracle',NULL,'\0',NULL,2,'\0','',NULL,NULL,NULL,NULL,NULL,NULL,NULL),('2B540AC5-6E64-4688-BB60-E0C01DFA982C','9EB4602B-BF9A-4710-9D80-C73CE89BEC5D',NULL,'SubCompany','子公司',NULL,NULL,NULL,4,'\0','',NULL,NULL,NULL,NULL,NULL,NULL,NULL),('2C3715AC-16F7-48FC-AB40-B0931DB1E729','9EB4602B-BF9A-4710-9D80-C73CE89BEC5D',NULL,'Area','区域',NULL,NULL,NULL,2,'\0','',NULL,NULL,NULL,NULL,NULL,NULL,NULL),('34222d46-e0c6-446e-8150-dbefc47a1d5f','00F76465-DBBA-484A-B75C-E81DEE9313E6',NULL,'6','本科',NULL,'\0',NULL,6,'\0','',NULL,NULL,NULL,NULL,NULL,NULL,NULL),('34a642b2-44d4-485f-b3fc-6cce24f68b0f','0DF5B725-5FB8-487F-B0E4-BC563A77EB04',NULL,'MySql','MySql',NULL,'\0',NULL,3,'\0','',NULL,NULL,NULL,NULL,NULL,NULL,NULL),('355ad7a4-c4f8-4bd3-9c72-ff07983da0f0','00F76465-DBBA-484A-B75C-E81DEE9313E6',NULL,'9','其他',NULL,'\0',NULL,9,'\0','',NULL,NULL,NULL,NULL,NULL,NULL,NULL),('392f88a8-02c2-49eb-8aed-b2acf474272a','9a7079bd-0660-4549-9c2d-db5e8616619f',NULL,'Update','修改',NULL,'\0',NULL,6,NULL,'',NULL,'2016-07-19 17:11:14',NULL,'2016-07-19 18:20:49',NULL,NULL,NULL),('3c884a03-4f34-4150-b134-966387f1de2a','9a7079bd-0660-4549-9c2d-db5e8616619f',NULL,'Exit','退出',NULL,'\0',NULL,2,NULL,'',NULL,'2016-07-19 17:10:50',NULL,'2016-07-19 18:20:23',NULL,NULL,NULL),('3f280e2b-92f6-466c-8cc3-d7c8ff48cc8d','00F76465-DBBA-484A-B75C-E81DEE9313E6',NULL,'7','硕士',NULL,'\0',NULL,7,'\0','',NULL,NULL,NULL,NULL,NULL,NULL,NULL),('41053517-215d-4e11-81cd-367c0e9578d7','954AB9A1-9928-4C6D-820A-FC1CDC85CDE0',NULL,'3','通过',NULL,'\0',NULL,3,'\0','',NULL,NULL,NULL,NULL,NULL,NULL,NULL),('433511a9-78bd-41a0-ab25-e4d4b3423055','00F76465-DBBA-484A-B75C-E81DEE9313E6',NULL,'2','初中',NULL,'\0',NULL,2,'\0','',NULL,NULL,NULL,NULL,NULL,NULL,NULL),('486a82e3-1950-425e-b2ce-b5d98f33016a','00F76465-DBBA-484A-B75C-E81DEE9313E6',NULL,'5','大专',NULL,'\0',NULL,5,'\0','',NULL,NULL,NULL,NULL,NULL,NULL,NULL),('48c4e0f5-f570-4601-8946-6078762db3bf','2748F35F-4EE2-417C-A907-3453146AAF67',NULL,'3','军官证',NULL,'\0',NULL,3,'\0','',NULL,NULL,NULL,NULL,NULL,NULL,NULL),('49300258-1227-4b85-b6a2-e948dbbe57a4','15023A4E-4856-44EB-BE71-36A106E2AA59',NULL,'汉族','汉族',NULL,'\0',NULL,1,'\0','',NULL,NULL,NULL,NULL,NULL,NULL,NULL),('49b68663-ad01-4c43-b084-f98e3e23fee8','954AB9A1-9928-4C6D-820A-FC1CDC85CDE0',NULL,'7','废弃',NULL,'\0',NULL,7,'\0','',NULL,NULL,NULL,NULL,NULL,NULL,NULL),('4c2f2428-2e00-4336-b9ce-5a61f24193f6','2748F35F-4EE2-417C-A907-3453146AAF67',NULL,'2','士兵证',NULL,'\0',NULL,2,'\0','',NULL,NULL,NULL,NULL,NULL,NULL,NULL),('582e0b66-2ee9-4885-9f0c-3ce3ebf96e12','8CEB2F71-026C-4FA6-9A61-378127AE7320',NULL,'1','已育',NULL,'\0',NULL,1,'\0','',NULL,NULL,NULL,NULL,NULL,NULL,NULL),('5d6def0e-e2a7-48eb-b43c-cc3631f60dd7','BDD797C3-2323-4868-9A63-C8CC3437AEAA',NULL,'1','男',NULL,'\0',NULL,1,'\0','',NULL,NULL,NULL,NULL,NULL,NULL,NULL),('63acf96d-6115-4d76-a994-438f59419aad','954AB9A1-9928-4C6D-820A-FC1CDC85CDE0',NULL,'5','退回',NULL,'\0',NULL,5,'\0','',NULL,NULL,NULL,NULL,NULL,NULL,NULL),('643209c8-931b-4641-9e04-b8bdd11800af','9a7079bd-0660-4549-9c2d-db5e8616619f',NULL,'Login','登录',NULL,'\0',NULL,1,NULL,'',NULL,'2016-07-19 17:10:40',NULL,'2016-07-19 18:20:17',NULL,NULL,NULL),('738edf2a-d59f-4992-97ef-d847db23bcb8','FA7537E2-1C64-4431-84BF-66158DD63269',NULL,'1','已婚',NULL,'\0',NULL,1,'\0','',NULL,NULL,NULL,NULL,NULL,NULL,NULL),('795f2695-497a-4f5e-ab1d-706095c1edb9','9a7079bd-0660-4549-9c2d-db5e8616619f',NULL,'Other','其他',NULL,'\0',NULL,0,NULL,'',NULL,'2016-07-19 17:10:33',NULL,'2016-07-19 18:20:10',NULL,NULL,NULL),('7a6d1bc4-3ec7-4c57-be9b-b4c97d60d5f6','954AB9A1-9928-4C6D-820A-FC1CDC85CDE0',NULL,'1','草稿',NULL,'\0',NULL,1,'\0','',NULL,NULL,NULL,NULL,NULL,NULL,NULL),('7c1135be-0148-43eb-ae49-62a1e16ebbe3','FA7537E2-1C64-4431-84BF-66158DD63269',NULL,'5','其他',NULL,'\0',NULL,5,'\0','',NULL,NULL,NULL,NULL,NULL,NULL,NULL),('7fc8fa11-4acf-409a-a771-aaf1eb81e814','9a7079bd-0660-4549-9c2d-db5e8616619f',NULL,'Exception','异常',NULL,'\0',NULL,8,NULL,'',NULL,'2016-07-19 17:11:25',NULL,'2016-07-19 18:21:01',NULL,NULL,NULL),('822baf7c-abdb-4257-9b78-1f550806f544','BDD797C3-2323-4868-9A63-C8CC3437AEAA',NULL,'0','女',NULL,'\0',NULL,2,'\0','',NULL,NULL,NULL,NULL,NULL,NULL,NULL),('8b7b38bf-07c5-4f71-a853-41c5add4a94e','954AB9A1-9928-4C6D-820A-FC1CDC85CDE0',NULL,'6','完成',NULL,'\0',NULL,6,'\0','',NULL,NULL,NULL,NULL,NULL,NULL,NULL),('930b8de2-049f-4753-b9fd-87f484911ee4','00F76465-DBBA-484A-B75C-E81DEE9313E6',NULL,'8','博士',NULL,'\0',NULL,8,'\0','',NULL,NULL,NULL,NULL,NULL,NULL,NULL),('9b6a2225-6138-4cf2-9845-1bbecdf9b3ed','8CEB2F71-026C-4FA6-9A61-378127AE7320',NULL,'3','其他',NULL,'\0',NULL,3,'\0','',NULL,NULL,NULL,NULL,NULL,NULL,NULL),('a13ccf0d-ac8f-44ac-a522-4a54edf1f0fa','9a7079bd-0660-4549-9c2d-db5e8616619f',NULL,'Delete','删除',NULL,'\0',NULL,5,NULL,'',NULL,'2016-07-19 17:11:09',NULL,'2016-07-19 18:20:43',NULL,NULL,NULL),('a4974810-d88d-4d54-82cc-fd779875478f','00F76465-DBBA-484A-B75C-E81DEE9313E6',NULL,'4','中专',NULL,'\0',NULL,4,'\0','',NULL,NULL,NULL,NULL,NULL,NULL,NULL),('A64EBB80-6A24-48AF-A10E-B6A532C32CA6','9EB4602B-BF9A-4710-9D80-C73CE89BEC5D',NULL,'Department','部门',NULL,NULL,NULL,5,'\0','',NULL,NULL,NULL,NULL,NULL,NULL,NULL),('a6f271f9-8653-4c5c-86cf-4cd00324b3c3','FA7537E2-1C64-4431-84BF-66158DD63269',NULL,'4','丧偶',NULL,'\0',NULL,4,'\0','',NULL,NULL,NULL,NULL,NULL,NULL,NULL),('a7c4aba2-a891-4558-9b0a-bd7a1100a645','FA7537E2-1C64-4431-84BF-66158DD63269',NULL,'2','未婚',NULL,'\0',NULL,2,'\0','',NULL,NULL,NULL,NULL,NULL,NULL,NULL),('ab65fe71-1a94-43c1-9efb-40e0b83b8d4e','00F76465-DBBA-484A-B75C-E81DEE9313E6',NULL,'10','幼儿',NULL,'\0',NULL,10,NULL,'',NULL,'2017-03-24 16:29:45','9f2ec079-7d0f-4fe2-90ab-8b09a8302aba',NULL,NULL,NULL,NULL),('acb128a6-ff63-4e25-b1e8-0a336ed3ab18','00F76465-DBBA-484A-B75C-E81DEE9313E6',NULL,'3','高中',NULL,'\0',NULL,3,'\0','',NULL,NULL,NULL,NULL,NULL,NULL,NULL),('ace2d5e8-56d4-4c8b-8409-34bc272df404','2748F35F-4EE2-417C-A907-3453146AAF67',NULL,'5','其它',NULL,'\0',NULL,5,'\0','',NULL,NULL,NULL,NULL,NULL,NULL,NULL),('B97BD7F5-B212-40C1-A1F7-DD9A2E63EEF2','9EB4602B-BF9A-4710-9D80-C73CE89BEC5D',NULL,'Group','集团',NULL,NULL,NULL,1,'\0','',NULL,NULL,NULL,NULL,NULL,NULL,NULL),('cc6daa5c-a71c-4b2c-9a98-336bc3ee13c8','D94E4DC1-C2FD-4D19-9D5D-3886D39900CE',NULL,'3','其他角色',NULL,'\0',NULL,3,'\0','',NULL,NULL,NULL,NULL,NULL,NULL,NULL),('ccc8e274-75da-4eb8-bed0-69008ab7c41c','9a7079bd-0660-4549-9c2d-db5e8616619f',NULL,'Visit','访问',NULL,'\0',NULL,3,NULL,'',NULL,'2016-07-19 17:10:55',NULL,'2016-07-19 18:20:29',NULL,NULL,NULL),('ce340c73-5048-4940-b86e-e3b3d53fdb2c','954AB9A1-9928-4C6D-820A-FC1CDC85CDE0',NULL,'2','提交',NULL,'\0',NULL,2,'\0','',NULL,NULL,NULL,NULL,NULL,NULL,NULL),('D082BDB9-5C34-49BF-BD51-4E85D7BFF646','9EB4602B-BF9A-4710-9D80-C73CE89BEC5D',NULL,'Company','公司',NULL,NULL,NULL,3,'\0','',NULL,NULL,NULL,NULL,NULL,NULL,NULL),('D1F439B9-D80E-4547-9EF0-163391854AB5','9EB4602B-BF9A-4710-9D80-C73CE89BEC5D',NULL,'SubDepartment','子部门',NULL,NULL,NULL,6,'\0','',NULL,NULL,NULL,NULL,NULL,NULL,NULL),('d69cb819-2bb3-4e1d-9917-33b9a439233d','2748F35F-4EE2-417C-A907-3453146AAF67',NULL,'1','身份证',NULL,'\0',NULL,1,'\0','',NULL,NULL,NULL,NULL,NULL,NULL,NULL),('de2167f3-40fe-4bf7-b8cb-5b1c554bad7a','8CEB2F71-026C-4FA6-9A61-378127AE7320',NULL,'2','未育',NULL,'\0',NULL,2,'\0','',NULL,NULL,NULL,NULL,NULL,NULL,NULL),('e1979a4f-7fc1-42b9-a0e2-52d7059e8fb9','954AB9A1-9928-4C6D-820A-FC1CDC85CDE0',NULL,'4','待审',NULL,'\0',NULL,4,'\0','',NULL,NULL,NULL,NULL,NULL,NULL,NULL),('e5079bae-a8c0-4209-9019-6a2b4a3a7dac','D94E4DC1-C2FD-4D19-9D5D-3886D39900CE',NULL,'1','系统角色',NULL,'\0',NULL,1,'\0','',NULL,NULL,NULL,NULL,NULL,NULL,NULL),('e545061c-93fd-4ca2-ab29-b43db9db798b','9a7079bd-0660-4549-9c2d-db5e8616619f',NULL,'Create','新增',NULL,'\0',NULL,4,NULL,'',NULL,'2016-07-19 17:11:03',NULL,'2016-07-19 18:20:36',NULL,NULL,NULL),('f9609400-7caf-49af-ae3c-7671a9292fb3','FA7537E2-1C64-4431-84BF-66158DD63269',NULL,'3','离异',NULL,'\0',NULL,3,'\0','',NULL,NULL,NULL,NULL,NULL,NULL,NULL),('fa6c1873-888c-4b70-a2cc-59fccbb22078','0DF5B725-5FB8-487F-B0E4-BC563A77EB04',NULL,'SqlServer','SqlServer',NULL,'\0',NULL,1,'\0','',NULL,NULL,NULL,NULL,NULL,NULL,NULL);

/*Table structure for table `sys_log` */

DROP TABLE IF EXISTS `sys_log`;

CREATE TABLE `sys_log` (
  `F_Id` varchar(50) NOT NULL,
  `F_Date` datetime DEFAULT NULL,
  `F_Account` varchar(50) DEFAULT NULL,
  `F_NickName` varchar(50) DEFAULT NULL,
  `F_Type` varchar(50) DEFAULT NULL,
  `F_IPAddress` varchar(50) DEFAULT NULL,
  `F_IPAddressName` varchar(50) DEFAULT NULL,
  `F_ModuleId` varchar(50) DEFAULT NULL,
  `F_ModuleName` varchar(50) DEFAULT NULL,
  `F_Result` bit(1) DEFAULT NULL,
  `F_Description` varchar(500) DEFAULT NULL,
  `F_CreatorTime` datetime DEFAULT NULL,
  `F_CreatorUserId` varchar(50) DEFAULT NULL,
  PRIMARY KEY (`F_Id`),
  UNIQUE KEY `PK_SYS_LOG` (`F_Id`)
) ENGINE=InnoDB DEFAULT CHARSET=utf8;

/*Data for the table `sys_log` */

insert  into `sys_log`(`F_Id`,`F_Date`,`F_Account`,`F_NickName`,`F_Type`,`F_IPAddress`,`F_IPAddressName`,`F_ModuleId`,`F_ModuleName`,`F_Result`,`F_Description`,`F_CreatorTime`,`F_CreatorUserId`) values ('41163a08-af6f-4011-a21a-fa748bb0c6bf','2017-03-24 16:44:40','admin','超级管理员','Login','117.81.192.182','',NULL,'系统登录','','登录成功','2017-03-24 16:44:41','9f2ec079-7d0f-4fe2-90ab-8b09a8302aba'),('684c6492-2f69-4c15-8afa-9cef6519d336','2017-03-24 16:36:06','admin','超级管理员','Login','117.81.192.182','',NULL,'系统登录','','登录成功','2017-03-24 16:36:07','9f2ec079-7d0f-4fe2-90ab-8b09a8302aba'),('df2161b7-99c9-49e2-beec-8ddd8bbd3678','2017-03-24 16:44:12','admin','超级管理员','Login','117.81.192.182','',NULL,'系统登录','','登录成功','2017-03-24 16:44:13','9f2ec079-7d0f-4fe2-90ab-8b09a8302aba');

/*Table structure for table `sys_module` */

DROP TABLE IF EXISTS `sys_module`;

CREATE TABLE `sys_module` (
  `F_Id` varchar(50) NOT NULL,
  `F_ParentId` varchar(50) DEFAULT NULL,
  `F_Layers` int(10) DEFAULT NULL,
  `F_EnCode` varchar(50) DEFAULT NULL,
  `F_FullName` varchar(50) DEFAULT NULL,
  `F_Icon` varchar(50) DEFAULT NULL,
  `F_UrlAddress` varchar(500) DEFAULT NULL,
  `F_Target` varchar(50) DEFAULT NULL,
  `F_IsMenu` bit(1) DEFAULT NULL,
  `F_IsExpand` bit(1) DEFAULT NULL,
  `F_IsPublic` bit(1) DEFAULT NULL,
  `F_AllowEdit` bit(1) DEFAULT NULL,
  `F_AllowDelete` bit(1) DEFAULT NULL,
  `F_SortCode` int(10) DEFAULT NULL,
  `F_DeleteMark` bit(1) DEFAULT NULL,
  `F_EnabledMark` bit(1) DEFAULT NULL,
  `F_Description` varchar(500) DEFAULT NULL,
  `F_CreatorTime` datetime DEFAULT NULL,
  `F_CreatorUserId` varchar(50) DEFAULT NULL,
  `F_LastModifyTime` datetime DEFAULT NULL,
  `F_LastModifyUserId` varchar(50) DEFAULT NULL,
  `F_DeleteTime` datetime DEFAULT NULL,
  `F_DeleteUserId` varchar(50) DEFAULT NULL,
  PRIMARY KEY (`F_Id`),
  UNIQUE KEY `PK_SYS_MODULE` (`F_Id`)
) ENGINE=InnoDB DEFAULT CHARSET=utf8;

/*Data for the table `sys_module` */

insert  into `sys_module`(`F_Id`,`F_ParentId`,`F_Layers`,`F_EnCode`,`F_FullName`,`F_Icon`,`F_UrlAddress`,`F_Target`,`F_IsMenu`,`F_IsExpand`,`F_IsPublic`,`F_AllowEdit`,`F_AllowDelete`,`F_SortCode`,`F_DeleteMark`,`F_EnabledMark`,`F_Description`,`F_CreatorTime`,`F_CreatorUserId`,`F_LastModifyTime`,`F_LastModifyUserId`,`F_DeleteTime`,`F_DeleteUserId`) values ('0EDF1DDB-CA17-4D08-AA25-914FE4E13324','51174D27-3001-4CCF-AAB2-0AA2A6CEAA50',2,NULL,'曲线图',NULL,'/ReportManage/Highcharts/Sample2','iframe','','\0','\0','\0','\0',2,'\0','',NULL,NULL,NULL,'2016-07-22 15:45:07','9f2ec079-7d0f-4fe2-90ab-8b09a8302aba',NULL,NULL),('163DA347-887C-4C91-8298-EB00FFBFEC84','51174D27-3001-4CCF-AAB2-0AA2A6CEAA50',NULL,NULL,'雷达图',NULL,'/ReportManage/Highcharts/Sample8','iframe','','\0','\0','\0','\0',13,NULL,'\0',NULL,NULL,NULL,'2016-07-22 15:45:43','9f2ec079-7d0f-4fe2-90ab-8b09a8302aba',NULL,NULL),('1F14A1ED-B22E-4E4A-BF10-6CF018507E76','51174D27-3001-4CCF-AAB2-0AA2A6CEAA50',NULL,NULL,'蛛网图',NULL,'/ReportManage/Highcharts/Sample9','iframe','','\0','\0','\0','\0',14,NULL,'\0',NULL,NULL,NULL,'2016-07-22 15:45:50','9f2ec079-7d0f-4fe2-90ab-8b09a8302aba',NULL,NULL),('252229DB-35CA-47AE-BDAE-C9903ED5BA7B','462027E0-0848-41DD-BCC3-025DCAE65555',2,NULL,'机构管理',NULL,'/SystemManage/Organize/Index','iframe','','\0','\0','\0','\0',1,'\0','',NULL,NULL,NULL,'2016-07-15 22:21:05',NULL,NULL,NULL),('337A4661-99A5-4E5E-B028-861CACAF9917','462027E0-0848-41DD-BCC3-025DCAE65555',2,NULL,'区域管理',NULL,'/SystemManage/Area/Index','iframe','','\0','\0','\0','\0',5,'\0','',NULL,NULL,NULL,'2016-07-14 16:21:47',NULL,NULL,NULL),('38CA5A66-C993-4410-AF95-50489B22939C','462027E0-0848-41DD-BCC3-025DCAE65555',2,NULL,'用户管理',NULL,'/SystemManage/User/Index','iframe','','\0','\0','\0','\0',4,'\0','',NULL,NULL,NULL,'2016-07-14 16:22:47',NULL,NULL,NULL),('39E97B05-7B6F-4069-9972-6F9643BC3042','9F56840F-DF92-4936-A48C-8F65A39291A2',2,NULL,'电子签章',NULL,'/ExampleManage/Signet/Index','iframe','','\0','\0','\0','\0',6,'\0','',NULL,NULL,NULL,'2016-08-02 22:42:37','9f2ec079-7d0f-4fe2-90ab-8b09a8302aba',NULL,NULL),('3A95BBC6-CB5B-4438-869F-5F7B738E2568',NULL,NULL,NULL,'散点图',NULL,NULL,'iframe',NULL,NULL,NULL,NULL,NULL,NULL,NULL,NULL,NULL,NULL,NULL,NULL,NULL,NULL,NULL),('423A200B-FA5F-4B29-B7B7-A3F5474B725F','462027E0-0848-41DD-BCC3-025DCAE65555',2,NULL,'数据字典',NULL,'/SystemManage/ItemsData/Index','iframe','','\0','\0','\0','\0',6,'\0','',NULL,NULL,NULL,'2016-07-15 22:26:07',NULL,NULL,NULL),('462027E0-0848-41DD-BCC3-025DCAE65555','0',1,NULL,'系统管理','fa fa-gears',NULL,'expand','\0','','\0','\0','\0',2,'\0','',NULL,NULL,NULL,'2016-07-22 15:46:46','9f2ec079-7d0f-4fe2-90ab-8b09a8302aba',NULL,NULL),('49F61713-C1E4-420E-BEEC-0B4DBC2D7DE8','73FD1267-79BA-4E23-A152-744AF73117E9',2,NULL,'服务器监控',NULL,'/SystemSecurity/ServerMonitoring/Index','iframe','','\0','\0','\0','\0',4,'\0','',NULL,NULL,NULL,'2016-07-20 16:16:38',NULL,NULL,NULL),('51174D27-3001-4CCF-AAB2-0AA2A6CEAA50','0',1,NULL,'统计报表','fa fa-bar-chart-o','fa fa-bar-chart-o','expand','\0','','\0','\0','\0',4,'\0','',NULL,NULL,NULL,'2016-07-22 15:47:10','9f2ec079-7d0f-4fe2-90ab-8b09a8302aba',NULL,NULL),('54E9D12D-C039-4F01-A6FE-810A147D31D5','51174D27-3001-4CCF-AAB2-0AA2A6CEAA50',NULL,NULL,'漏斗图',NULL,'/ReportManage/Highcharts/Sample11','iframe','','\0','\0','\0','\0',16,NULL,'\0',NULL,NULL,NULL,'2016-07-22 15:46:04','9f2ec079-7d0f-4fe2-90ab-8b09a8302aba',NULL,NULL),('64A1C550-2C61-4A8C-833D-ACD0C012260F','462027E0-0848-41DD-BCC3-025DCAE65555',2,NULL,'系统菜单',NULL,'/SystemManage/Module/Index','iframe','','\0','\0','\0','\0',7,'\0','','测试',NULL,NULL,'2016-07-27 10:50:09','9f2ec079-7d0f-4fe2-90ab-8b09a8302aba',NULL,NULL),('6BBC3562-1051-4246-98B0-9F37CAC40DC8','51174D27-3001-4CCF-AAB2-0AA2A6CEAA50',2,NULL,'综合报表2',NULL,'/ReportManage/Highcharts/Sample15','iframe','','\0','\0','\0','\0',22,'\0','',NULL,NULL,NULL,'2016-07-22 15:48:05','9f2ec079-7d0f-4fe2-90ab-8b09a8302aba',NULL,NULL),('73FD1267-79BA-4E23-A152-744AF73117E9','0',1,NULL,'系统安全','fa fa-desktop',NULL,'expand','\0','','\0','\0','\0',3,'\0','',NULL,NULL,NULL,'2016-07-22 15:46:56','9f2ec079-7d0f-4fe2-90ab-8b09a8302aba',NULL,NULL),('7858E329-16FC-49F4-93A1-11E2E7EF2998','51174D27-3001-4CCF-AAB2-0AA2A6CEAA50',NULL,NULL,'仪表盘',NULL,'/ReportManage/Highcharts/Sample6','iframe','','\0','\0','\0','\0',12,NULL,'\0',NULL,NULL,NULL,'2016-07-22 15:45:32','9f2ec079-7d0f-4fe2-90ab-8b09a8302aba',NULL,NULL),('7B959522-BE45-4747-B89D-592C7F3987A5','9F56840F-DF92-4936-A48C-8F65A39291A2',2,NULL,'短信工具',NULL,'/ExampleManage/SendMessages/Index','iframe','','\0','\0','\0','\0',3,'\0','',NULL,NULL,NULL,'2016-08-01 23:08:36','9f2ec079-7d0f-4fe2-90ab-8b09a8302aba',NULL,NULL),('822E2523-5105-4AE0-BF48-62459D3641F6','9F56840F-DF92-4936-A48C-8F65A39291A2',2,NULL,'外部邮件',NULL,'/ExampleManage/SendMail/Index','iframe','','\0','\0','\0','\0',2,'\0','',NULL,NULL,NULL,'2016-08-01 18:25:46','9f2ec079-7d0f-4fe2-90ab-8b09a8302aba',NULL,NULL),('85FAF4F4-9CBE-4904-94B3-2B930CA49F0C','51174D27-3001-4CCF-AAB2-0AA2A6CEAA50',2,NULL,'综合报表1',NULL,'/ReportManage/Highcharts/Sample14','iframe','','\0','\0','\0','\0',21,'\0','',NULL,NULL,NULL,'2016-07-22 15:46:22','9f2ec079-7d0f-4fe2-90ab-8b09a8302aba',NULL,NULL),('91425AF9-F762-43AF-B784-107D23FFDC85','51174D27-3001-4CCF-AAB2-0AA2A6CEAA50',NULL,NULL,'模拟时钟',NULL,'/ReportManage/Highcharts/Sample5','iframe','','\0','\0','\0','\0',11,NULL,'\0',NULL,NULL,NULL,'2016-07-22 15:45:26','9f2ec079-7d0f-4fe2-90ab-8b09a8302aba',NULL,NULL),('91A6CFAD-B2F9-4294-BDAE-76DECF412C6C','462027E0-0848-41DD-BCC3-025DCAE65555',2,NULL,'角色管理',NULL,'/SystemManage/Role/Index','iframe','','\0','\0','\0','\0',2,'\0','',NULL,NULL,NULL,'2016-07-14 16:22:35',NULL,NULL,NULL),('96EE855E-8CD2-47FC-A51D-127C131C9FB9','73FD1267-79BA-4E23-A152-744AF73117E9',2,NULL,'系统日志',NULL,'/SystemSecurity/Log/Index','iframe','','\0','\0','\0','\0',3,'\0','',NULL,NULL,NULL,'2016-07-20 16:16:19',NULL,NULL,NULL),('9F56840F-DF92-4936-A48C-8F65A39291A2','0',1,NULL,'常用示例','fa fa-tags',NULL,'expand','\0','','\0','\0','\0',5,'\0','',NULL,NULL,NULL,'2016-07-22 15:47:23','9f2ec079-7d0f-4fe2-90ab-8b09a8302aba',NULL,NULL),('A33ADBFC-089B-4981-BFAB-08178052EE36','51174D27-3001-4CCF-AAB2-0AA2A6CEAA50',NULL,NULL,'流程图',NULL,'/ReportManage/Highcharts/Sample13','iframe','','\0','\0','\0','\0',18,NULL,'\0',NULL,NULL,NULL,'2016-07-22 15:46:16','9f2ec079-7d0f-4fe2-90ab-8b09a8302aba',NULL,NULL),('a3a4742d-ca39-42ec-b95a-8552a6fae579','73FD1267-79BA-4E23-A152-744AF73117E9',NULL,NULL,'访问控制',NULL,'/SystemSecurity/FilterIP/Index','iframe','','\0','\0','\0','\0',2,NULL,'',NULL,'2016-07-17 22:06:11',NULL,'2016-07-20 16:16:03',NULL,NULL,NULL),('ACDBD633-99A0-4BEF-B67C-3A5B41E7C1FD','51174D27-3001-4CCF-AAB2-0AA2A6CEAA50',NULL,NULL,'蜡烛图',NULL,'/ReportManage/Highcharts/Sample12','iframe','','\0','\0','\0','\0',17,NULL,'\0',NULL,NULL,NULL,'2016-07-22 15:46:09','9f2ec079-7d0f-4fe2-90ab-8b09a8302aba',NULL,NULL),('AD4BC418-B66E-48C7-BC13-81590056CD15',NULL,NULL,NULL,'气泡图',NULL,NULL,'iframe',NULL,NULL,NULL,NULL,NULL,NULL,NULL,NULL,NULL,NULL,NULL,NULL,NULL,NULL,NULL),('AF34B824-439E-4365-99CC-C1D30514D869','9F56840F-DF92-4936-A48C-8F65A39291A2',2,NULL,'二维码生成',NULL,'/ExampleManage/BarCode/Index','iframe','','\0','\0','\0','\0',4,'\0','',NULL,NULL,NULL,'2016-08-01 23:19:24','9f2ec079-7d0f-4fe2-90ab-8b09a8302aba',NULL,NULL),('B3BF41E1-0299-4EFE-BA76-A7377AC81B38','51174D27-3001-4CCF-AAB2-0AA2A6CEAA50',2,NULL,'柱状图',NULL,'/ReportManage/Highcharts/Sample4','iframe','','\0','\0','\0','\0',5,'\0','',NULL,NULL,NULL,'2016-07-22 15:45:19','9f2ec079-7d0f-4fe2-90ab-8b09a8302aba',NULL,NULL),('C3D12056-D906-4D8B-8B9C-954942742BDE','51174D27-3001-4CCF-AAB2-0AA2A6CEAA50',2,NULL,'面积图',NULL,'/ReportManage/Highcharts/Sample3','iframe','','\0','\0','\0','\0',4,'\0','',NULL,NULL,NULL,'2016-07-22 15:45:13','9f2ec079-7d0f-4fe2-90ab-8b09a8302aba',NULL,NULL),('D2ECB516-4CB7-49B1-B536-504382115DD2','9F56840F-DF92-4936-A48C-8F65A39291A2',2,NULL,'打印测试',NULL,'/ExampleManage/Print/Index','iframe','','\0','\0','\0','\0',5,'\0','',NULL,NULL,NULL,'2016-08-03 14:24:30','9f2ec079-7d0f-4fe2-90ab-8b09a8302aba',NULL,NULL),('df9920e0-ba33-4e36-a911-ef08c6ea77ea','51174D27-3001-4CCF-AAB2-0AA2A6CEAA50',NULL,NULL,'饼图',NULL,'/ReportManage/Highcharts/Sample7','iframe','','\0','\0','\0','\0',12,NULL,'',NULL,'2016-07-20 17:13:33',NULL,'2016-07-22 15:45:38','9f2ec079-7d0f-4fe2-90ab-8b09a8302aba',NULL,NULL),('e72c75d0-3a69-41ad-b220-13c9a62ec788','73FD1267-79BA-4E23-A152-744AF73117E9',NULL,NULL,'数据备份',NULL,'/SystemSecurity/DbBackup/Index','iframe','','\0','\0','\0','\0',1,NULL,'',NULL,'2016-07-17 22:05:07',NULL,'2016-07-20 16:15:41',NULL,NULL,NULL),('F298F868-B689-4982-8C8B-9268CBF0308D','462027E0-0848-41DD-BCC3-025DCAE65555',2,NULL,'岗位管理',NULL,'/SystemManage/Duty/Index','iframe','','\0','\0','\0','\0',3,'\0','',NULL,NULL,NULL,'2016-07-14 16:22:41',NULL,NULL,NULL),('F2DAD50B-95DF-48F7-8638-BA503B539143','51174D27-3001-4CCF-AAB2-0AA2A6CEAA50',2,NULL,'折线图',NULL,'/ReportManage/Highcharts/Sample1','iframe','','\0','\0','\0','\0',1,'\0','',NULL,NULL,NULL,'2016-07-22 15:47:44','9f2ec079-7d0f-4fe2-90ab-8b09a8302aba',NULL,NULL),('FE04386D-1307-4E34-8DFB-B56D9FEC78CE','51174D27-3001-4CCF-AAB2-0AA2A6CEAA50',NULL,NULL,'玫瑰图',NULL,'/ReportManage/Highcharts/Sample10','iframe','','\0','\0','\0','\0',15,NULL,'\0',NULL,NULL,NULL,'2016-07-22 15:45:57','9f2ec079-7d0f-4fe2-90ab-8b09a8302aba',NULL,NULL);

/*Table structure for table `sys_modulebutton` */

DROP TABLE IF EXISTS `sys_modulebutton`;

CREATE TABLE `sys_modulebutton` (
  `F_Id` varchar(50) NOT NULL,
  `F_ModuleId` varchar(50) DEFAULT NULL,
  `F_ParentId` varchar(50) DEFAULT NULL,
  `F_Layers` int(10) DEFAULT NULL,
  `F_EnCode` varchar(50) DEFAULT NULL,
  `F_FullName` varchar(50) DEFAULT NULL,
  `F_Icon` varchar(50) DEFAULT NULL,
  `F_Location` int(10) DEFAULT NULL,
  `F_JsEvent` varchar(50) DEFAULT NULL,
  `F_UrlAddress` varchar(500) DEFAULT NULL,
  `F_Split` bit(1) DEFAULT NULL,
  `F_IsPublic` bit(1) DEFAULT NULL,
  `F_AllowEdit` bit(1) DEFAULT NULL,
  `F_AllowDelete` bit(1) DEFAULT NULL,
  `F_SortCode` int(10) DEFAULT NULL,
  `F_DeleteMark` bit(1) DEFAULT NULL,
  `F_EnabledMark` bit(1) DEFAULT NULL,
  `F_Description` varchar(500) DEFAULT NULL,
  `F_CreatorTime` datetime DEFAULT NULL,
  `F_CreatorUserId` varchar(50) DEFAULT NULL,
  `F_LastModifyTime` datetime DEFAULT NULL,
  `F_LastModifyUserId` varchar(50) DEFAULT NULL,
  `F_DeleteTime` datetime DEFAULT NULL,
  `F_DeleteUserId` varchar(50) DEFAULT NULL,
  PRIMARY KEY (`F_Id`),
  UNIQUE KEY `PK_SYS_MODULEBUTTON` (`F_Id`)
) ENGINE=InnoDB DEFAULT CHARSET=utf8;

/*Data for the table `sys_modulebutton` */

insert  into `sys_modulebutton`(`F_Id`,`F_ModuleId`,`F_ParentId`,`F_Layers`,`F_EnCode`,`F_FullName`,`F_Icon`,`F_Location`,`F_JsEvent`,`F_UrlAddress`,`F_Split`,`F_IsPublic`,`F_AllowEdit`,`F_AllowDelete`,`F_SortCode`,`F_DeleteMark`,`F_EnabledMark`,`F_Description`,`F_CreatorTime`,`F_CreatorUserId`,`F_LastModifyTime`,`F_LastModifyUserId`,`F_DeleteTime`,`F_DeleteUserId`) values ('0d777b07-041a-4205-a393-d1a009aaafc7','423A200B-FA5F-4B29-B7B7-A3F5474B725F','0',1,'NF-edit','修改字典',NULL,2,'btn_edit()','/SystemManage/ItemsData/Form','\0','\0','\0','\0',3,'\0','',NULL,NULL,NULL,'2016-07-25 15:37:43','9f2ec079-7d0f-4fe2-90ab-8b09a8302aba',NULL,NULL),('0f0596f6-aa50-4df0-ad8e-af867cb4a9de','e72c75d0-3a69-41ad-b220-13c9a62ec788','0',1,'NF-delete','删除备份',NULL,2,'btn_delete()','/SystemSecurity/DbBackup/DeleteForm','\0','\0','\0','\0',2,'\0','',NULL,NULL,NULL,'2016-07-25 15:47:47','9f2ec079-7d0f-4fe2-90ab-8b09a8302aba',NULL,NULL),('104bcc01-0cfd-433f-87f4-29a8a3efb313','423A200B-FA5F-4B29-B7B7-A3F5474B725F','0',1,'NF-add','新建字典',NULL,1,'btn_add()','/SystemManage/ItemsData/Form','\0','\0','\0','\0',1,'\0','',NULL,NULL,NULL,'2016-07-25 15:37:35','9f2ec079-7d0f-4fe2-90ab-8b09a8302aba',NULL,NULL),('13c9a15f-c50d-4f09-8344-fd0050f70086','F298F868-B689-4982-8C8B-9268CBF0308D','0',1,'NF-add','新建岗位',NULL,1,'btn_add()','/SystemManage/Duty/Form','\0','\0','\0','\0',1,'\0','',NULL,NULL,NULL,NULL,NULL,NULL,NULL),('14617a4f-bfef-4bc2-b943-d18d3ff8d22f','38CA5A66-C993-4410-AF95-50489B22939C','0',1,'NF-delete','删除用户',NULL,2,'btn_delete()','/SystemManage/User/DeleteForm','\0','\0','\0','\0',3,'\0','',NULL,NULL,NULL,'2016-07-25 14:16:14','9f2ec079-7d0f-4fe2-90ab-8b09a8302aba',NULL,NULL),('15362a59-b242-494a-bc6e-413b4a63580e','38CA5A66-C993-4410-AF95-50489B22939C','0',NULL,'NF-disabled','禁用',NULL,2,'btn_disabled()','/SystemManage/User/DisabledAccount','\0','\0','\0','\0',6,NULL,'',NULL,'2016-07-25 15:25:54','9f2ec079-7d0f-4fe2-90ab-8b09a8302aba','2016-07-25 15:28:33','9f2ec079-7d0f-4fe2-90ab-8b09a8302aba',NULL,NULL),('1ee1c46b-e767-4532-8636-936ea4c12003','423A200B-FA5F-4B29-B7B7-A3F5474B725F','0',1,'NF-delete','删除字典',NULL,2,'btn_delete()','/SystemManage/ItemsData/DeleteForm','\0','\0','\0','\0',4,'\0','',NULL,NULL,NULL,'2016-07-25 15:37:53','9f2ec079-7d0f-4fe2-90ab-8b09a8302aba',NULL,NULL),('239077ff-13e1-4720-84e1-67b6f0276979','91A6CFAD-B2F9-4294-BDAE-76DECF412C6C','0',1,'NF-delete','删除角色',NULL,2,'btn_delete()','/SystemManage/Role/DeleteForm','\0','\0','\0','\0',3,'\0','',NULL,NULL,NULL,NULL,NULL,NULL,NULL),('2a8f5342-5eb7-491c-a1a9-a2631d8eb5d6','38CA5A66-C993-4410-AF95-50489B22939C','0',NULL,'NF-enabled','启用',NULL,2,'btn_enabled()','/SystemManage/User/EnabledAccount','\0','\0','\0','\0',7,NULL,'',NULL,'2016-07-25 15:28:09','9f2ec079-7d0f-4fe2-90ab-8b09a8302aba',NULL,NULL,NULL,NULL),('329c0326-ce68-4a24-904d-aade67a90fc7','a3a4742d-ca39-42ec-b95a-8552a6fae579','0',1,'NF-Details','查看策略',NULL,2,'btn_details()','/SystemSecurity/FilterIP/Details','\0','\0','\0','\0',4,'\0','',NULL,NULL,NULL,'2016-07-25 15:58:04','9f2ec079-7d0f-4fe2-90ab-8b09a8302aba',NULL,NULL),('38e39592-6e86-42fb-8f72-adea0c82cbc1','38CA5A66-C993-4410-AF95-50489B22939C','0',NULL,'NF-revisepassword','密码重置',NULL,2,'btn_revisepassword()','/SystemManage/User/RevisePassword','','\0','\0','\0',5,NULL,'',NULL,'2016-07-25 14:18:20','9f2ec079-7d0f-4fe2-90ab-8b09a8302aba',NULL,NULL,NULL,NULL),('3a35c662-a356-45e4-953d-00ebd981cad6','96EE855E-8CD2-47FC-A51D-127C131C9FB9','0',1,'NF-removelog','清空日志',NULL,1,'btn_removeLog()','/SystemSecurity/Log/RemoveLog','\0','\0','\0','\0',1,'\0','',NULL,NULL,NULL,'2016-07-25 16:03:13','9f2ec079-7d0f-4fe2-90ab-8b09a8302aba',NULL,NULL),('41862743-f703-4b6d-be54-08d253eb0ebc','e72c75d0-3a69-41ad-b220-13c9a62ec788','0',1,'NF-add','新建备份',NULL,1,'btn_add()','/SystemSecurity/DbBackup/Form','\0','\0','\0','\0',1,'\0','',NULL,NULL,NULL,'2016-07-25 15:43:16','9f2ec079-7d0f-4fe2-90ab-8b09a8302aba',NULL,NULL),('4727adf7-5525-4c8c-9de5-39e49c268349','38CA5A66-C993-4410-AF95-50489B22939C','0',1,'NF-edit','修改用户',NULL,2,'btn_edit()','/SystemManage/User/Form','\0','\0','\0','\0',2,'\0','',NULL,NULL,NULL,'2016-07-25 14:16:02','9f2ec079-7d0f-4fe2-90ab-8b09a8302aba',NULL,NULL),('48afe7b3-e158-4256-b50c-cd0ee7c6dcc9','337A4661-99A5-4E5E-B028-861CACAF9917','0',1,'NF-add','新建区域',NULL,1,'btn_add()','/SystemManage/Area/Form','\0','\0','\0','\0',1,'\0','',NULL,NULL,NULL,'2016-07-25 15:32:27','9f2ec079-7d0f-4fe2-90ab-8b09a8302aba',NULL,NULL),('4b876abc-1b85-47b0-abc7-96e313b18ed8','423A200B-FA5F-4B29-B7B7-A3F5474B725F','0',NULL,'NF-itemstype','分类管理',NULL,1,'btn_itemstype()','/SystemManage/ItemsType/Index','\0','\0','\0','\0',2,NULL,'',NULL,'2016-07-25 15:36:21','9f2ec079-7d0f-4fe2-90ab-8b09a8302aba',NULL,NULL,NULL,NULL),('4bb19533-8e81-419b-86a1-7ee56bf1dd45','252229DB-35CA-47AE-BDAE-C9903ED5BA7B','0',1,'NF-delete','删除机构',NULL,2,'btn_delete()','/SystemManage/Organize/DeleteForm','\0','\0','\0','\0',3,'\0','',NULL,NULL,NULL,NULL,NULL,NULL,NULL),('5d708d9d-6ebe-40ea-8589-e3efce9e74ec','91A6CFAD-B2F9-4294-BDAE-76DECF412C6C','0',1,'NF-add','新建角色',NULL,1,'btn_add()','/SystemManage/Role/Form','\0','\0','\0','\0',1,'\0','',NULL,NULL,NULL,NULL,NULL,NULL,NULL),('709a4a7b-4d98-462d-b47c-351ef11db06f','252229DB-35CA-47AE-BDAE-C9903ED5BA7B','0',1,'NF-Details','查看机构',NULL,2,'btn_details()','/SystemManage/Organize/Details','\0','\0','\0','\0',4,'\0','',NULL,NULL,NULL,NULL,NULL,NULL,NULL),('74eecdfb-3bee-405d-be07-27a78219c179','38CA5A66-C993-4410-AF95-50489B22939C','0',1,'NF-add','新建用户',NULL,1,'btn_add()','/SystemManage/User/Form','\0','\0','\0','\0',1,'\0','',NULL,NULL,NULL,'2016-07-25 14:15:43','9f2ec079-7d0f-4fe2-90ab-8b09a8302aba',NULL,NULL),('82f162cb-beb9-4a79-8924-cd1860e26e2e','423A200B-FA5F-4B29-B7B7-A3F5474B725F','0',1,'NF-Details','查看字典',NULL,2,'btn_details()','/SystemManage/ItemsData/Details','\0','\0','\0','\0',5,'\0','',NULL,NULL,NULL,'2016-07-25 15:38:00','9f2ec079-7d0f-4fe2-90ab-8b09a8302aba',NULL,NULL),('8379135e-5b13-4236-bfb1-9289e6129034','a3a4742d-ca39-42ec-b95a-8552a6fae579','0',1,'NF-delete','删除策略',NULL,2,'btn_delete()','/SystemSecurity/FilterIP/DeleteForm','\0','\0','\0','\0',3,'\0','',NULL,NULL,NULL,'2016-07-25 15:57:57','9f2ec079-7d0f-4fe2-90ab-8b09a8302aba',NULL,NULL),('85F5212F-E321-4124-B155-9374AA5D9C10','64A1C550-2C61-4A8C-833D-ACD0C012260F','0',1,'NF-delete','删除菜单',NULL,2,'btn_delete()','/SystemManage/Module/DeleteForm','\0','\0','\0','\0',3,'\0','',NULL,NULL,NULL,'2016-07-25 15:41:16','9f2ec079-7d0f-4fe2-90ab-8b09a8302aba',NULL,NULL),('88f7b3a8-fd6d-4f8e-a861-11405f434868','F298F868-B689-4982-8C8B-9268CBF0308D','0',1,'NF-Details','查看岗位',NULL,2,'btn_details()','/SystemManage/Duty/Details','\0','\0','\0','\0',4,'\0','',NULL,NULL,NULL,NULL,NULL,NULL,NULL),('89d7a69d-b953-4ce2-9294-db4f50f2a157','337A4661-99A5-4E5E-B028-861CACAF9917','0',1,'NF-edit','修改区域',NULL,2,'btn_edit()','/SystemManage/Area/Form','\0','\0','\0','\0',2,'\0','',NULL,NULL,NULL,'2016-07-25 15:32:42','9f2ec079-7d0f-4fe2-90ab-8b09a8302aba',NULL,NULL),('8a9993af-69b2-4d8a-85b3-337745a1f428','F298F868-B689-4982-8C8B-9268CBF0308D','0',1,'NF-delete','删除岗位',NULL,2,'btn_delete()','/SystemManage/Duty/DeleteForm','\0','\0','\0','\0',3,'\0','',NULL,NULL,NULL,NULL,NULL,NULL,NULL),('8c7013a9-3682-4367-8bc6-c77ca89f346b','337A4661-99A5-4E5E-B028-861CACAF9917','0',1,'NF-delete','删除区域',NULL,2,'btn_delete()','/SystemManage/Area/DeleteForm','\0','\0','\0','\0',3,'\0','',NULL,NULL,NULL,'2016-07-25 15:32:54','9f2ec079-7d0f-4fe2-90ab-8b09a8302aba',NULL,NULL),('91be873e-ccb7-434f-9a3b-d312d6d5798a','252229DB-35CA-47AE-BDAE-C9903ED5BA7B','0',1,'NF-edit','修改机构',NULL,2,'btn_edit()','/SystemManage/Organize/Form','\0','\0','\0','\0',2,'\0','',NULL,NULL,NULL,NULL,NULL,NULL,NULL),('9FD543DB-C5BB-4789-ACFF-C5865AFB032C','64A1C550-2C61-4A8C-833D-ACD0C012260F','0',1,'NF-add','新增菜单',NULL,1,'btn_add()','/SystemManage/Module/Form','\0','\0','\0','\0',1,'\0','',NULL,NULL,NULL,'2016-07-25 15:41:09','9f2ec079-7d0f-4fe2-90ab-8b09a8302aba',NULL,NULL),('aaf58c1b-4af2-4e5f-a3e4-c48e86378191','a3a4742d-ca39-42ec-b95a-8552a6fae579','0',1,'NF-edit','修改策略',NULL,2,'btn_edit()','/SystemSecurity/FilterIP/Form','\0','\0','\0','\0',2,'\0','',NULL,NULL,NULL,'2016-07-25 15:57:50','9f2ec079-7d0f-4fe2-90ab-8b09a8302aba',NULL,NULL),('abfdff21-8ebf-4024-8555-401b4df6acd9','38CA5A66-C993-4410-AF95-50489B22939C','0',1,'NF-Details','查看用户',NULL,2,'btn_details()','/SystemManage/User/Details','','\0','\0','\0',4,'\0','',NULL,NULL,NULL,'2016-07-25 15:29:10','9f2ec079-7d0f-4fe2-90ab-8b09a8302aba',NULL,NULL),('aed66cfb-d78e-43d4-9987-c714546be7eb','e72c75d0-3a69-41ad-b220-13c9a62ec788','0',1,'NF-download','下载备份',NULL,2,'btn_download()','/SystemSecurity/DbBackup/DownloadBackup','\0','\0','\0','\0',3,'\0','',NULL,NULL,NULL,'2016-07-25 15:48:17','9f2ec079-7d0f-4fe2-90ab-8b09a8302aba',NULL,NULL),('cd65e50a-0bea-45a9-b82e-f2eacdbd209e','252229DB-35CA-47AE-BDAE-C9903ED5BA7B','0',1,'NF-add','新建机构',NULL,1,'btn_add()','/SystemManage/Organize/Form','\0','\0','\0','\0',1,'\0','',NULL,NULL,NULL,NULL,NULL,NULL,NULL),('d4074121-0d4f-465e-ad37-409bbe15bf8a','a3a4742d-ca39-42ec-b95a-8552a6fae579','0',1,'NF-add','新建策略',NULL,1,'btn_add()','/SystemSecurity/FilterIP/Form','\0','\0','\0','\0',1,'\0','',NULL,NULL,NULL,'2016-07-25 15:57:41','9f2ec079-7d0f-4fe2-90ab-8b09a8302aba',NULL,NULL),('D4FCAFED-7640-449E-80B7-622DDACD5012','64A1C550-2C61-4A8C-833D-ACD0C012260F','0',1,'NF-Details','查看菜单',NULL,2,'btn_details()','/SystemManage/Module/Details','','\0','\0','\0',4,'\0','',NULL,NULL,NULL,'2016-07-25 15:41:28','9f2ec079-7d0f-4fe2-90ab-8b09a8302aba',NULL,NULL),('E29FCBA7-F848-4A8B-BC41-A3C668A9005D','64A1C550-2C61-4A8C-833D-ACD0C012260F','0',1,'NF-edit','修改菜单',NULL,2,'btn_edit()','/SystemManage/Module/Form','\0','\0','\0','\0',2,'\0','',NULL,NULL,NULL,'2016-07-25 15:41:03','9f2ec079-7d0f-4fe2-90ab-8b09a8302aba',NULL,NULL),('e75e4efc-d461-4334-a764-56992fec38e6','F298F868-B689-4982-8C8B-9268CBF0308D','0',1,'NF-edit','修改岗位',NULL,2,'btn_edit()','/SystemManage/Duty/Form','\0','\0','\0','\0',2,'\0','',NULL,NULL,NULL,NULL,NULL,NULL,NULL),('f93763ff-51a1-478d-9585-3c86084c54f3','91A6CFAD-B2F9-4294-BDAE-76DECF412C6C','0',1,'NF-Details','查看角色',NULL,2,'btn_details()','/SystemManage/Role/Details','\0','\0','\0','\0',4,'\0','',NULL,NULL,NULL,NULL,NULL,NULL,NULL),('FD3D073C-4F88-467A-AE3B-CDD060952CE6','64A1C550-2C61-4A8C-833D-ACD0C012260F','0',1,'NF-modulebutton','按钮管理',NULL,2,'btn_modulebutton()','/SystemManage/ModuleButton/Index','\0','\0',NULL,NULL,5,'\0','',NULL,NULL,NULL,NULL,NULL,NULL,NULL),('ffffe7f8-900c-413a-9970-bee7d6599cce','91A6CFAD-B2F9-4294-BDAE-76DECF412C6C','0',1,'NF-edit','修改角色',NULL,2,'btn_edit()','/SystemManage/Role/Form','\0','\0','\0','\0',2,'\0','',NULL,NULL,NULL,NULL,NULL,NULL,NULL);

/*Table structure for table `sys_moduleform` */

DROP TABLE IF EXISTS `sys_moduleform`;

CREATE TABLE `sys_moduleform` (
  `F_Id` varchar(50) NOT NULL,
  `F_ModuleId` varchar(50) DEFAULT NULL,
  `F_EnCode` varchar(50) DEFAULT NULL,
  `F_FullName` varchar(50) DEFAULT NULL,
  `F_FormJson` text,
  `F_SortCode` int(10) DEFAULT NULL,
  `F_DeleteMark` bit(1) DEFAULT NULL,
  `F_EnabledMark` bit(1) DEFAULT NULL,
  `F_Description` varchar(500) DEFAULT NULL,
  `F_CreatorTime` datetime DEFAULT NULL,
  `F_CreatorUserId` varchar(50) DEFAULT NULL,
  `F_LastModifyTime` datetime DEFAULT NULL,
  `F_LastModifyUserId` varchar(50) DEFAULT NULL,
  `F_DeleteTime` datetime DEFAULT NULL,
  `F_DeleteUserId` varchar(500) DEFAULT NULL,
  PRIMARY KEY (`F_Id`),
  UNIQUE KEY `PK_SYS_MODULEFORM` (`F_Id`)
) ENGINE=InnoDB DEFAULT CHARSET=utf8;

/*Data for the table `sys_moduleform` */

/*Table structure for table `sys_moduleforminstance` */

DROP TABLE IF EXISTS `sys_moduleforminstance`;

CREATE TABLE `sys_moduleforminstance` (
  `F_Id` varchar(50) NOT NULL,
  `F_FormId` varchar(50) NOT NULL,
  `F_ObjectId` varchar(50) DEFAULT NULL,
  `F_InstanceJson` text,
  `F_SortCode` int(10) DEFAULT NULL,
  `F_CreatorTime` datetime DEFAULT NULL,
  `F_CreatorUserId` varchar(50) DEFAULT NULL,
  PRIMARY KEY (`F_Id`),
  UNIQUE KEY `PK_SYS_MODULEFORMINSTANCE` (`F_Id`)
) ENGINE=InnoDB DEFAULT CHARSET=utf8;

/*Data for the table `sys_moduleforminstance` */

/*Table structure for table `sys_organize` */

DROP TABLE IF EXISTS `sys_organize`;

CREATE TABLE `sys_organize` (
  `F_Id` varchar(50) NOT NULL,
  `F_ParentId` varchar(50) DEFAULT NULL,
  `F_Layers` int(10) DEFAULT NULL,
  `F_EnCode` varchar(50) DEFAULT NULL,
  `F_FullName` varchar(50) DEFAULT NULL,
  `F_ShortName` varchar(50) DEFAULT NULL,
  `F_CategoryId` varchar(50) DEFAULT NULL,
  `F_ManagerId` varchar(50) DEFAULT NULL,
  `F_TelePhone` varchar(20) DEFAULT NULL,
  `F_MobilePhone` varchar(20) DEFAULT NULL,
  `F_WeChat` varchar(50) DEFAULT NULL,
  `F_Fax` varchar(20) DEFAULT NULL,
  `F_Email` varchar(50) DEFAULT NULL,
  `F_AreaId` varchar(50) DEFAULT NULL,
  `F_Address` varchar(500) DEFAULT NULL,
  `F_AllowEdit` bit(1) DEFAULT NULL,
  `F_AllowDelete` bit(1) DEFAULT NULL,
  `F_SortCode` int(10) DEFAULT NULL,
  `F_DeleteMark` bit(1) DEFAULT NULL,
  `F_EnabledMark` bit(1) DEFAULT NULL,
  `F_Description` varchar(500) DEFAULT NULL,
  `F_CreatorTime` datetime DEFAULT NULL,
  `F_CreatorUserId` varchar(50) DEFAULT NULL,
  `F_LastModifyTime` datetime DEFAULT NULL,
  `F_LastModifyUserId` varchar(50) DEFAULT NULL,
  `F_DeleteTime` datetime DEFAULT NULL,
  `F_DeleteUserId` varchar(500) DEFAULT NULL,
  PRIMARY KEY (`F_Id`),
  UNIQUE KEY `PK_SYS_ORGANIZE` (`F_Id`)
) ENGINE=InnoDB DEFAULT CHARSET=utf8;

/*Data for the table `sys_organize` */

insert  into `sys_organize`(`F_Id`,`F_ParentId`,`F_Layers`,`F_EnCode`,`F_FullName`,`F_ShortName`,`F_CategoryId`,`F_ManagerId`,`F_TelePhone`,`F_MobilePhone`,`F_WeChat`,`F_Fax`,`F_Email`,`F_AreaId`,`F_Address`,`F_AllowEdit`,`F_AllowDelete`,`F_SortCode`,`F_DeleteMark`,`F_EnabledMark`,`F_Description`,`F_CreatorTime`,`F_CreatorUserId`,`F_LastModifyTime`,`F_LastModifyUserId`,`F_DeleteTime`,`F_DeleteUserId`) values ('253EDA1F-F158-4F3F-A778-B7E538E052A2','5AB270C0-5D33-4203-A54F-4552699FDA3C',2,'Manufacturing','生产部',NULL,'Department',NULL,NULL,NULL,NULL,NULL,NULL,NULL,NULL,NULL,NULL,7,'\0','',NULL,'2016-06-10 00:00:00',NULL,NULL,NULL,NULL,NULL),('554C61CE-6AE0-44EB-B33D-A462BE7EB3E1','5AB270C0-5D33-4203-A54F-4552699FDA3C',2,'Ministry','技术部',NULL,'Department',NULL,NULL,NULL,NULL,NULL,NULL,NULL,NULL,NULL,NULL,5,'\0','',NULL,'2016-06-10 00:00:00',NULL,NULL,NULL,NULL,NULL),('59703D6A-0EC9-4762-824F-A8D9E62E93D2','5AB270C0-5D33-4203-A54F-4552699FDA3C',2,'Sales','营销部',NULL,'Department',NULL,NULL,NULL,NULL,NULL,NULL,NULL,NULL,NULL,NULL,9,'\0','',NULL,'2016-06-10 00:00:00',NULL,NULL,NULL,NULL,NULL),('5AB270C0-5D33-4203-A54F-4552699FDA3C','0',1,'Company','上海东鞋贸易有限公司',NULL,'Company','郭总',NULL,NULL,NULL,NULL,NULL,NULL,'上海市松江区',NULL,NULL,1,'\0','',NULL,'2016-06-10 00:00:00',NULL,NULL,NULL,NULL,NULL),('5B417E2B-4B96-4F37-8BAA-10E5A812D05E','5AB270C0-5D33-4203-A54F-4552699FDA3C',2,'Market','市场部',NULL,'Department',NULL,NULL,NULL,NULL,NULL,NULL,NULL,NULL,NULL,NULL,3,'\0','',NULL,'2016-06-10 00:00:00',NULL,NULL,NULL,NULL,NULL),('80E10CD5-7591-40B8-A005-BCDE1B961E76','5AB270C0-5D33-4203-A54F-4552699FDA3C',2,'Administration ','行政部',NULL,'Department',NULL,NULL,NULL,NULL,NULL,NULL,NULL,NULL,NULL,NULL,2,'\0','',NULL,'2016-06-10 00:00:00',NULL,NULL,NULL,NULL,NULL),('BD830AEF-0A2E-4228-ACF8-8843C39D41D8','5AB270C0-5D33-4203-A54F-4552699FDA3C',2,'Purchase','采购部',NULL,'Department',NULL,NULL,NULL,NULL,NULL,NULL,NULL,NULL,NULL,NULL,6,'\0','',NULL,'2016-06-10 00:00:00',NULL,NULL,NULL,NULL,NULL),('DFA2FB91-C909-44A3-9282-BF946102E1C9','5AB270C0-5D33-4203-A54F-4552699FDA3C',2,'HumanResourse','人事部',NULL,'Department',NULL,NULL,NULL,NULL,NULL,NULL,NULL,NULL,NULL,NULL,8,'\0','',NULL,'2016-06-10 00:00:00',NULL,NULL,NULL,NULL,NULL),('F02A66CA-3D8B-491B-8A17-C9ACA3E3B5DD','5AB270C0-5D33-4203-A54F-4552699FDA3C',2,'Financial','财务部',NULL,'Department',NULL,NULL,NULL,NULL,NULL,NULL,NULL,NULL,NULL,NULL,4,'\0','',NULL,'2016-06-10 00:00:00',NULL,NULL,NULL,NULL,NULL);

/*Table structure for table `sys_role` */

DROP TABLE IF EXISTS `sys_role`;

CREATE TABLE `sys_role` (
  `F_Id` varchar(50) NOT NULL,
  `F_OrganizeId` varchar(50) DEFAULT NULL,
  `F_Category` int(10) DEFAULT NULL,
  `F_EnCode` varchar(50) DEFAULT NULL,
  `F_FullName` varchar(50) DEFAULT NULL,
  `F_Type` varchar(50) DEFAULT NULL,
  `F_AllowEdit` bit(1) DEFAULT NULL,
  `F_AllowDelete` bit(1) DEFAULT NULL,
  `F_SortCode` int(10) DEFAULT NULL,
  `F_DeleteMark` bit(1) DEFAULT NULL,
  `F_EnabledMark` bit(1) DEFAULT NULL,
  `F_Description` varchar(500) DEFAULT NULL,
  `F_CreatorTime` datetime DEFAULT NULL,
  `F_CreatorUserId` varchar(50) DEFAULT NULL,
  `F_LastModifyTime` datetime DEFAULT NULL,
  `F_LastModifyUserId` varchar(50) DEFAULT NULL,
  `F_DeleteTime` datetime DEFAULT NULL,
  `F_DeleteUserId` varchar(500) DEFAULT NULL,
  PRIMARY KEY (`F_Id`),
  UNIQUE KEY `PK_SYS_ROLE` (`F_Id`)
) ENGINE=InnoDB DEFAULT CHARSET=utf8;

/*Data for the table `sys_role` */

insert  into `sys_role`(`F_Id`,`F_OrganizeId`,`F_Category`,`F_EnCode`,`F_FullName`,`F_Type`,`F_AllowEdit`,`F_AllowDelete`,`F_SortCode`,`F_DeleteMark`,`F_EnabledMark`,`F_Description`,`F_CreatorTime`,`F_CreatorUserId`,`F_LastModifyTime`,`F_LastModifyUserId`,`F_DeleteTime`,`F_DeleteUserId`) values ('0052A230-EA7B-4F3A-A1C9-1611FF26481A','5AB270C0-5D33-4203-A54F-4552699FDA3C',2,'manager','经理',NULL,NULL,NULL,3,'\0','',NULL,'2016-07-12 00:00:00',NULL,NULL,NULL,NULL,NULL),('05691457-5284-4FEE-8D7E-C35141F3FF39','5AB270C0-5D33-4203-A54F-4552699FDA3C',2,'10024','总经理助理',NULL,NULL,NULL,16,'\0','',NULL,'2016-07-12 00:00:00',NULL,NULL,NULL,NULL,NULL),('07A8E061-AE47-49C9-8310-F055F35FF44B','5AB270C0-5D33-4203-A54F-4552699FDA3C',1,'services','客服人员','2','\0','\0',9,'\0','',NULL,'2016-07-10 00:00:00',NULL,NULL,NULL,NULL,NULL),('0CD2A952-2EE0-4CAF-9757-617D5075745B','5AB270C0-5D33-4203-A54F-4552699FDA3C',2,'president','董事长',NULL,NULL,NULL,10,'\0','',NULL,'2016-07-12 00:00:00',NULL,NULL,NULL,NULL,NULL),('23ED024E-0AAA-4C8D-9216-D1AB93348D26','5AB270C0-5D33-4203-A54F-4552699FDA3C',2,'employee','员工',NULL,'\0','\0',1,'\0','',NULL,'2016-07-12 00:00:00',NULL,'2016-07-18 15:18:57',NULL,NULL,NULL),('2691AB91-3010-465F-8D92-60A97425A45E','5AB270C0-5D33-4203-A54F-4552699FDA3C',1,'innerStaff','内部员工','2','\0','\0',5,'\0','',NULL,'2016-07-10 00:00:00',NULL,NULL,NULL,NULL,NULL),('2B3406F9-B7FF-4D23-BC61-D8EEB6C88D5B','5AB270C0-5D33-4203-A54F-4552699FDA3C',2,'10023','行业顾问',NULL,NULL,NULL,15,'\0','',NULL,'2016-07-12 00:00:00',NULL,NULL,NULL,NULL,NULL),('2DA8390B-61A4-4E6C-A6E7-8F6794C7EDCE','5AB270C0-5D33-4203-A54F-4552699FDA3C',1,'tester','测试人员','2','\0','\0',8,'\0','',NULL,'2016-07-10 00:00:00',NULL,NULL,NULL,NULL,NULL),('3263446A-D303-4C42-B436-6F46BF7CE86A','5AB270C0-5D33-4203-A54F-4552699FDA3C',2,'10019','总裁',NULL,NULL,NULL,12,'\0','',NULL,'2016-07-12 00:00:00',NULL,NULL,NULL,NULL,NULL),('3A2FD4D7-E73C-44E4-8AED-B6EE5980779E','5AB270C0-5D33-4203-A54F-4552699FDA3C',2,'10025','大堂经理',NULL,NULL,NULL,17,'\0','',NULL,'2016-07-12 00:00:00',NULL,NULL,NULL,NULL,NULL),('41652BB4-E2DC-420E-AA8A-8C92784B76E3','5AB270C0-5D33-4203-A54F-4552699FDA3C',1,'archvist','档案管理员','2','\0','\0',6,'\0','',NULL,'2016-07-10 00:00:00',NULL,NULL,NULL,NULL,NULL),('42C44AC0-27FA-482D-B5E3-8F9B38B80A6A','5AB270C0-5D33-4203-A54F-4552699FDA3C',1,'configuration','系统配置员','2','\0','\0',3,'\0','',NULL,'2016-07-10 00:00:00',NULL,NULL,NULL,NULL,NULL),('4B2140D3-E61D-488E-ADF6-FF0EBCBC5D2C','5AB270C0-5D33-4203-A54F-4552699FDA3C',1,'system','系统管理员','1','\0','\0',2,'\0','',NULL,'2016-07-10 00:00:00',NULL,NULL,NULL,NULL,NULL),('531F7D18-C49F-4F4F-A920-0074FCB52078','5AB270C0-5D33-4203-A54F-4552699FDA3C',1,'guest','访客人员','2','\0','\0',7,'\0','',NULL,'2016-07-10 00:00:00',NULL,'2016-07-24 15:43:30','9f2ec079-7d0f-4fe2-90ab-8b09a8302aba',NULL,NULL),('59CEAE05-0FD4-4FD3-A755-A1DFA3803D2B','5AB270C0-5D33-4203-A54F-4552699FDA3C',1,'consumer','客户维护员','2','\0','\0',15,'\0','',NULL,'2016-07-10 00:00:00',NULL,NULL,NULL,NULL,NULL),('796E9C6A-8432-4BA6-8CF6-EFFAB6F2098C','5AB270C0-5D33-4203-A54F-4552699FDA3C',2,'general','总经理',NULL,NULL,NULL,6,'\0','',NULL,'2016-07-12 00:00:00',NULL,NULL,NULL,NULL,NULL),('7A9CF301-FCDF-4BC9-A52B-A7D4FAE2D344','5AB270C0-5D33-4203-A54F-4552699FDA3C',1,'developer','系统开发人员','2','\0','\0',4,'\0','',NULL,'2016-07-10 00:00:00',NULL,NULL,NULL,NULL,NULL),('7E2639BA-02B9-417A-9AAA-CF6DCF8487E0','5AB270C0-5D33-4203-A54F-4552699FDA3C',2,'10022','力资源专员',NULL,NULL,NULL,14,'\0','',NULL,'2016-07-12 00:00:00',NULL,NULL,NULL,NULL,NULL),('8683CB17-5F9D-4A99-A233-A18C4D1CF95B','5AB270C0-5D33-4203-A54F-4552699FDA3C',1,'businessPersonnel','业务人员','2','\0','\0',12,'\0','',NULL,'2016-07-10 00:00:00',NULL,NULL,NULL,NULL,NULL),('91E09653-D3DE-416A-BF6C-E91E60B4B4CF','5AB270C0-5D33-4203-A54F-4552699FDA3C',2,'chairman','主任',NULL,NULL,NULL,7,'\0','',NULL,'2016-07-12 00:00:00',NULL,NULL,NULL,NULL,NULL),('AADB479E-9F87-49B1-AE2D-5DA6FECA3F8E','5AB270C0-5D33-4203-A54F-4552699FDA3C',1,'implement','实施人员','2','\0','\0',10,'\0','',NULL,'2016-07-10 00:00:00',NULL,NULL,NULL,NULL,NULL),('B2624F67-E092-461A-AAAD-13592A9429D9','5AB270C0-5D33-4203-A54F-4552699FDA3C',2,'10018','行政助理',NULL,NULL,NULL,11,'\0','',NULL,'2016-07-12 00:00:00',NULL,NULL,NULL,NULL,NULL),('C609D4D6-81F7-4647-BF2F-81BD4CED2C19','5AB270C0-5D33-4203-A54F-4552699FDA3C',2,'fileattache','档案专员',NULL,NULL,NULL,8,'\0','',NULL,'2016-07-12 00:00:00',NULL,NULL,NULL,NULL,NULL),('CB116AA3-88CC-4CF7-B0BC-7C55EC502183','5AB270C0-5D33-4203-A54F-4552699FDA3C',2,'10020','首席执行官',NULL,NULL,NULL,13,'\0','',NULL,'2016-07-12 00:00:00',NULL,NULL,NULL,NULL,NULL),('CEEA79E8-2E19-4294-8447-13247053DE04','5AB270C0-5D33-4203-A54F-4552699FDA3C',2,'director','总监',NULL,NULL,NULL,4,'\0','',NULL,'2016-07-12 00:00:00',NULL,NULL,NULL,NULL,NULL),('D335A5B8-7DED-495C-B8FC-EE933FB30779','5AB270C0-5D33-4203-A54F-4552699FDA3C',2,'charge','主管',NULL,'\0','\0',2,'\0','',NULL,'2016-07-12 00:00:00',NULL,'2016-07-18 15:17:23',NULL,NULL,NULL),('E5EA792F-915D-44BC-9F4F-EEDB26DE5DFD','5AB270C0-5D33-4203-A54F-4552699FDA3C',1,'IPQC','环保巡检员','2','\0','\0',11,'\0','',NULL,'2016-07-10 00:00:00',NULL,NULL,NULL,NULL,NULL),('EA56E457-5024-49AF-9410-D5D71D24F14B','5AB270C0-5D33-4203-A54F-4552699FDA3C',2,'vicegeneral','副总经理',NULL,NULL,NULL,5,'\0','',NULL,'2016-07-12 00:00:00',NULL,NULL,NULL,NULL,NULL),('F03EA699-9A0A-4EE9-9D33-27B9A7DFF09B','5AB270C0-5D33-4203-A54F-4552699FDA3C',2,'engineer','高级工程师',NULL,NULL,NULL,9,'\0','',NULL,'2016-07-12 00:00:00',NULL,NULL,NULL,NULL,NULL),('F0A2B36F-35A7-4660-B46C-D4AB796591EB','5AB270C0-5D33-4203-A54F-4552699FDA3C',1,'administrators','超级管理员','1','','',1,'\0','',NULL,'2016-07-10 00:00:00',NULL,'2016-07-24 00:04:00','9f2ec079-7d0f-4fe2-90ab-8b09a8302aba',NULL,NULL),('F68956A9-9C53-4C08-AFE8-8A4755FE2B8F','5AB270C0-5D33-4203-A54F-4552699FDA3C',1,'inventory','库存管理员','2','\0','\0',13,'\0','',NULL,'2016-07-10 00:00:00',NULL,NULL,NULL,NULL,NULL),('F9421969-D85C-4E4C-927F-CCFB18388A59','5AB270C0-5D33-4203-A54F-4552699FDA3C',1,'contracts','合同专员','2','\0','\0',14,'\0','',NULL,'2016-07-10 00:00:00',NULL,NULL,NULL,NULL,NULL);

/*Table structure for table `sys_roleauthorize` */

DROP TABLE IF EXISTS `sys_roleauthorize`;

CREATE TABLE `sys_roleauthorize` (
  `F_Id` varchar(50) NOT NULL,
  `F_ItemType` int(10) DEFAULT NULL,
  `F_ItemId` varchar(50) DEFAULT NULL,
  `F_ObjectType` int(10) DEFAULT NULL,
  `F_ObjectId` varchar(50) DEFAULT NULL,
  `F_SortCode` int(10) DEFAULT NULL,
  `F_CreatorTime` datetime DEFAULT NULL,
  `F_CreatorUserId` varchar(50) DEFAULT NULL,
  PRIMARY KEY (`F_Id`),
  UNIQUE KEY `PK_SYS_ROLEAUTHORIZE` (`F_Id`)
) ENGINE=InnoDB DEFAULT CHARSET=utf8;

/*Data for the table `sys_roleauthorize` */

insert  into `sys_roleauthorize`(`F_Id`,`F_ItemType`,`F_ItemId`,`F_ObjectType`,`F_ObjectId`,`F_SortCode`,`F_CreatorTime`,`F_CreatorUserId`) values ('0000da5b-6305-4b23-b1db-1f55a66daca8',2,'FD3D073C-4F88-467A-AE3B-CDD060952CE6',1,'F0A2B36F-35A7-4660-B46C-D4AB796591EB',NULL,'2016-07-24 00:04:00','9f2ec079-7d0f-4fe2-90ab-8b09a8302aba'),('04d23b62-8401-4e50-8279-aaeb66377daa',2,'FD3D073C-4F88-467A-AE3B-CDD060952CE6',1,'531F7D18-C49F-4F4F-A920-0074FCB52078',NULL,NULL,NULL),('06011f83-df9a-4d5d-bb6f-0b948574256c',1,'73FD1267-79BA-4E23-A152-744AF73117E9',1,'F0A2B36F-35A7-4660-B46C-D4AB796591EB',NULL,'2016-07-24 00:04:00','9f2ec079-7d0f-4fe2-90ab-8b09a8302aba'),('06a71015-42f4-4f16-ad9e-88e0665f7504',NULL,'',1,'F68956A9-9C53-4C08-AFE8-8A4755FE2B8F',NULL,NULL,NULL),('0f7b0b1b-d925-45d5-adf9-55044a7f4c19',2,'5d708d9d-6ebe-40ea-8589-e3efce9e74ec',1,'531F7D18-C49F-4F4F-A920-0074FCB52078',NULL,NULL,NULL),('12cc8ed7-d769-48cc-ab3c-866466462e70',1,'96EE855E-8CD2-47FC-A51D-127C131C9FB9',1,'F0A2B36F-35A7-4660-B46C-D4AB796591EB',NULL,'2016-07-24 00:04:00','9f2ec079-7d0f-4fe2-90ab-8b09a8302aba'),('15b2279f-7082-421e-a6a3-9abd5bca8303',1,'337A4661-99A5-4E5E-B028-861CACAF9917',1,'F0A2B36F-35A7-4660-B46C-D4AB796591EB',NULL,'2016-07-24 00:04:00','9f2ec079-7d0f-4fe2-90ab-8b09a8302aba'),('166e6255-d5cc-4718-b257-771398b4132b',2,'13c9a15f-c50d-4f09-8344-fd0050f70086',1,'F0A2B36F-35A7-4660-B46C-D4AB796591EB',NULL,'2016-07-24 00:04:00','9f2ec079-7d0f-4fe2-90ab-8b09a8302aba'),('1822a1c4-5a49-4742-a937-b63e4f9bd826',1,'FE04386D-1307-4E34-8DFB-B56D9FEC78CE',1,'F0A2B36F-35A7-4660-B46C-D4AB796591EB',NULL,'2016-07-24 00:04:00','9f2ec079-7d0f-4fe2-90ab-8b09a8302aba'),('1a81232c-037a-4af8-b2cf-55e19fce1582',2,'239077ff-13e1-4720-84e1-67b6f0276979',1,'F0A2B36F-35A7-4660-B46C-D4AB796591EB',NULL,'2016-07-24 00:04:00','9f2ec079-7d0f-4fe2-90ab-8b09a8302aba'),('1afefe4f-c76d-488b-b165-e797b017c216',2,'e75e4efc-d461-4334-a764-56992fec38e6',1,'531F7D18-C49F-4F4F-A920-0074FCB52078',NULL,NULL,NULL),('1dbe5bcb-3907-49d4-93d9-0d41cc539a1d',1,'423A200B-FA5F-4B29-B7B7-A3F5474B725F',1,'F0A2B36F-35A7-4660-B46C-D4AB796591EB',NULL,'2016-07-24 00:04:00','9f2ec079-7d0f-4fe2-90ab-8b09a8302aba'),('1e2c7104-1731-4519-81ac-3594f78bf8dd',1,'9F56840F-DF92-4936-A48C-8F65A39291A2',1,'F0A2B36F-35A7-4660-B46C-D4AB796591EB',NULL,'2016-07-24 00:04:00','9f2ec079-7d0f-4fe2-90ab-8b09a8302aba'),('1fd4ae2a-24fd-49e3-8007-5cc987cd05c0',NULL,'',1,'42C44AC0-27FA-482D-B5E3-8F9B38B80A6A',NULL,NULL,NULL),('2078f57a-454a-48c8-9fee-122df8f5786e',1,'7B959522-BE45-4747-B89D-592C7F3987A5',1,'F0A2B36F-35A7-4660-B46C-D4AB796591EB',NULL,'2016-07-24 00:04:00','9f2ec079-7d0f-4fe2-90ab-8b09a8302aba'),('22ddf57d-739d-4da0-b2a7-752459f110a6',2,'8a9993af-69b2-4d8a-85b3-337745a1f428',1,'531F7D18-C49F-4F4F-A920-0074FCB52078',NULL,NULL,NULL),('237da469-8831-45bf-bb78-0e7ca06f33d7',1,'38CA5A66-C993-4410-AF95-50489B22939C',1,'F0A2B36F-35A7-4660-B46C-D4AB796591EB',NULL,'2016-07-24 00:04:00','9f2ec079-7d0f-4fe2-90ab-8b09a8302aba'),('243814e8-2279-4749-b84a-4e0c269d2910',2,'709a4a7b-4d98-462d-b47c-351ef11db06f',1,'F0A2B36F-35A7-4660-B46C-D4AB796591EB',NULL,'2016-07-24 00:04:00','9f2ec079-7d0f-4fe2-90ab-8b09a8302aba'),('244823d7-6b36-4cf9-b63d-c749e91061ae',2,'48afe7b3-e158-4256-b50c-cd0ee7c6dcc9',1,'531F7D18-C49F-4F4F-A920-0074FCB52078',NULL,NULL,NULL),('250a92b7-a549-4a35-b007-82f90dcf5622',2,'104bcc01-0cfd-433f-87f4-29a8a3efb313',1,'531F7D18-C49F-4F4F-A920-0074FCB52078',NULL,NULL,NULL),('2af34ef2-522e-4ea3-a8df-668b57e3b4e3',1,'337A4661-99A5-4E5E-B028-861CACAF9917',1,'531F7D18-C49F-4F4F-A920-0074FCB52078',NULL,NULL,NULL),('2bf9d1bd-510f-463a-9555-4ab8357bfb08',NULL,'',1,'2691AB91-3010-465F-8D92-60A97425A45E',NULL,NULL,NULL),('2c069a5e-8785-49b3-a6e7-355dbad2e89f',1,'39E97B05-7B6F-4069-9972-6F9643BC3042',1,'F0A2B36F-35A7-4660-B46C-D4AB796591EB',NULL,'2016-07-24 00:04:00','9f2ec079-7d0f-4fe2-90ab-8b09a8302aba'),('2e467fc2-2e71-45c7-ad7c-fad5eb956adf',2,'cd65e50a-0bea-45a9-b82e-f2eacdbd209e',1,'531F7D18-C49F-4F4F-A920-0074FCB52078',NULL,NULL,NULL),('3115d827-1419-48ab-88fa-c9b56be6df86',1,'822E2523-5105-4AE0-BF48-62459D3641F6',1,'F0A2B36F-35A7-4660-B46C-D4AB796591EB',NULL,'2016-07-24 00:04:00','9f2ec079-7d0f-4fe2-90ab-8b09a8302aba'),('32119cfa-864e-4bf9-945b-2d76dad0a31c',2,'f93763ff-51a1-478d-9585-3c86084c54f3',1,'531F7D18-C49F-4F4F-A920-0074FCB52078',NULL,NULL,NULL),('335e819a-866c-409d-8233-3449481b0460',2,'D4FCAFED-7640-449E-80B7-622DDACD5012',1,'F0A2B36F-35A7-4660-B46C-D4AB796591EB',NULL,'2016-07-24 00:04:00','9f2ec079-7d0f-4fe2-90ab-8b09a8302aba'),('34b49233-b13b-4a6f-bc98-3000bf6b75ee',1,'91425AF9-F762-43AF-B784-107D23FFDC85',1,'F0A2B36F-35A7-4660-B46C-D4AB796591EB',NULL,'2016-07-24 00:04:00','9f2ec079-7d0f-4fe2-90ab-8b09a8302aba'),('35753609-e0d7-4829-9685-6cafe02c7ca7',1,'462027E0-0848-41DD-BCC3-025DCAE65555',1,'F0A2B36F-35A7-4660-B46C-D4AB796591EB',NULL,'2016-07-24 00:04:00','9f2ec079-7d0f-4fe2-90ab-8b09a8302aba'),('379e90a9-5628-47e0-8314-da3e0c550fb3',2,'88f7b3a8-fd6d-4f8e-a861-11405f434868',1,'531F7D18-C49F-4F4F-A920-0074FCB52078',NULL,NULL,NULL),('37b242db-cd74-400f-964b-96d72bd651c6',2,'1ee1c46b-e767-4532-8636-936ea4c12003',1,'531F7D18-C49F-4F4F-A920-0074FCB52078',NULL,NULL,NULL),('3ec593df-c492-4270-9aef-e75d521171da',2,'14617a4f-bfef-4bc2-b943-d18d3ff8d22f',1,'531F7D18-C49F-4F4F-A920-0074FCB52078',NULL,NULL,NULL),('3f21e866-1f79-4cac-9f8e-91a0cb1014ce',2,'85F5212F-E321-4124-B155-9374AA5D9C10',1,'F0A2B36F-35A7-4660-B46C-D4AB796591EB',NULL,'2016-07-24 00:04:00','9f2ec079-7d0f-4fe2-90ab-8b09a8302aba'),('41105b53-4315-442c-bb7f-9b9204355351',2,'4727adf7-5525-4c8c-9de5-39e49c268349',1,'531F7D18-C49F-4F4F-A920-0074FCB52078',NULL,NULL,NULL),('43ad8ba2-3258-40ce-a121-a4c4c1af0871',1,'a3a4742d-ca39-42ec-b95a-8552a6fae579',1,'F0A2B36F-35A7-4660-B46C-D4AB796591EB',NULL,'2016-07-24 00:04:00','9f2ec079-7d0f-4fe2-90ab-8b09a8302aba'),('4552cc48-1bf9-4bbe-b1e1-f9e91add7055',NULL,'',1,'E5EA792F-915D-44BC-9F4F-EEDB26DE5DFD',NULL,NULL,NULL),('474417c9-51de-40e9-b2dc-59d169f0bf12',1,'ABA7DA44-A291-4A25-9BDC-C310CF1C931C',1,'F0A2B36F-35A7-4660-B46C-D4AB796591EB',NULL,'2016-07-24 00:04:00','9f2ec079-7d0f-4fe2-90ab-8b09a8302aba'),('4d0ba76b-dbb0-4e4f-b83e-92df13bf702a',2,'ffffe7f8-900c-413a-9970-bee7d6599cce',1,'F0A2B36F-35A7-4660-B46C-D4AB796591EB',NULL,'2016-07-24 00:04:00','9f2ec079-7d0f-4fe2-90ab-8b09a8302aba'),('4d26e4ba-cf4f-4783-a4bd-84e1f2f9ecb3',1,'51174D27-3001-4CCF-AAB2-0AA2A6CEAA50',1,'F0A2B36F-35A7-4660-B46C-D4AB796591EB',NULL,'2016-07-24 00:04:00','9f2ec079-7d0f-4fe2-90ab-8b09a8302aba'),('4ff4e45a-9ed6-4c79-be52-ae6d07d77b3a',2,'8c7013a9-3682-4367-8bc6-c77ca89f346b',1,'531F7D18-C49F-4F4F-A920-0074FCB52078',NULL,NULL,NULL),('52cce008-0755-4a75-9fdf-6425f74f62b0',2,'89d7a69d-b953-4ce2-9294-db4f50f2a157',1,'531F7D18-C49F-4F4F-A920-0074FCB52078',NULL,NULL,NULL),('5324f369-ce2d-47cc-a3c5-cf4f690a7914',1,'D2ECB516-4CB7-49B1-B536-504382115DD2',1,'F0A2B36F-35A7-4660-B46C-D4AB796591EB',NULL,'2016-07-24 00:04:00','9f2ec079-7d0f-4fe2-90ab-8b09a8302aba'),('53967381-3765-4bff-ad74-6aa1c9d03596',2,'D4FCAFED-7640-449E-80B7-622DDACD5012',1,'531F7D18-C49F-4F4F-A920-0074FCB52078',NULL,NULL,NULL),('577c000a-2997-4915-aa24-412c4acfbb38',1,'6BBC3562-1051-4246-98B0-9F37CAC40DC8',1,'F0A2B36F-35A7-4660-B46C-D4AB796591EB',NULL,'2016-07-24 00:04:00','9f2ec079-7d0f-4fe2-90ab-8b09a8302aba'),('5ae6902f-0520-4000-a495-6db64d3ff469',1,'C3D12056-D906-4D8B-8B9C-954942742BDE',1,'F0A2B36F-35A7-4660-B46C-D4AB796591EB',NULL,'2016-07-24 00:04:00','9f2ec079-7d0f-4fe2-90ab-8b09a8302aba'),('64f6b88c-7510-4e83-956e-d2d6c163200a',1,'F298F868-B689-4982-8C8B-9268CBF0308D',1,'531F7D18-C49F-4F4F-A920-0074FCB52078',NULL,NULL,NULL),('68905347-8abf-4f99-bacd-8d3045b06e2b',2,'4b876abc-1b85-47b0-abc7-96e313b18ed8',1,'531F7D18-C49F-4F4F-A920-0074FCB52078',NULL,NULL,NULL),('6d4f5a20-98b2-40c5-8352-80b15af1b360',2,'239077ff-13e1-4720-84e1-67b6f0276979',1,'531F7D18-C49F-4F4F-A920-0074FCB52078',NULL,NULL,NULL),('6e725406-22c9-4c19-8f85-054f97ee20f4',1,'49F61713-C1E4-420E-BEEC-0B4DBC2D7DE8',1,'F0A2B36F-35A7-4660-B46C-D4AB796591EB',NULL,'2016-07-24 00:04:00','9f2ec079-7d0f-4fe2-90ab-8b09a8302aba'),('6e83c40f-c7fc-4b96-86aa-b17485a2d8ca',1,'91A6CFAD-B2F9-4294-BDAE-76DECF412C6C',1,'F0A2B36F-35A7-4660-B46C-D4AB796591EB',NULL,'2016-07-24 00:04:00','9f2ec079-7d0f-4fe2-90ab-8b09a8302aba'),('700916e8-3488-45f2-b407-6f30df9b9123',2,'B6A9473D-DAA7-4574-9231-13D9E631D379',1,'531F7D18-C49F-4F4F-A920-0074FCB52078',NULL,NULL,NULL),('7535204c-60ce-4114-bb12-430a5975b363',2,'38e39592-6e86-42fb-8f72-adea0c82cbc1',1,'531F7D18-C49F-4F4F-A920-0074FCB52078',NULL,NULL,NULL),('766067c0-ebef-43f6-b49b-a7261634ff05',2,'88f7b3a8-fd6d-4f8e-a861-11405f434868',1,'F0A2B36F-35A7-4660-B46C-D4AB796591EB',NULL,'2016-07-24 00:04:00','9f2ec079-7d0f-4fe2-90ab-8b09a8302aba'),('77699534-4f0b-44f0-a6d2-3953334be95a',1,'A33ADBFC-089B-4981-BFAB-08178052EE36',1,'F0A2B36F-35A7-4660-B46C-D4AB796591EB',NULL,'2016-07-24 00:04:00','9f2ec079-7d0f-4fe2-90ab-8b09a8302aba'),('77eafdea-c1e3-4e36-9d70-cdaa7b5200d4',1,'38CA5A66-C993-4410-AF95-50489B22939C',1,'531F7D18-C49F-4F4F-A920-0074FCB52078',NULL,NULL,NULL),('790dc854-bdbf-4ff0-8cea-2ffffcbe98ed',2,'E29FCBA7-F848-4A8B-BC41-A3C668A9005D',1,'531F7D18-C49F-4F4F-A920-0074FCB52078',NULL,NULL,NULL),('844841a3-a465-4bba-816e-920dbdca9715',1,'0EDF1DDB-CA17-4D08-AA25-914FE4E13324',1,'F0A2B36F-35A7-4660-B46C-D4AB796591EB',NULL,'2016-07-24 00:04:00','9f2ec079-7d0f-4fe2-90ab-8b09a8302aba'),('848319d7-89f3-4ef9-b9fc-fcd99eddf632',2,'4bb19533-8e81-419b-86a1-7ee56bf1dd45',1,'531F7D18-C49F-4F4F-A920-0074FCB52078',NULL,NULL,NULL),('8e81b948-313c-4d2c-b752-92a83197b7e6',1,'e72c75d0-3a69-41ad-b220-13c9a62ec788',1,'F0A2B36F-35A7-4660-B46C-D4AB796591EB',NULL,'2016-07-24 00:04:00','9f2ec079-7d0f-4fe2-90ab-8b09a8302aba'),('90a522bb-5e94-48d7-be44-e4180ee7bc3d',1,'df9920e0-ba33-4e36-a911-ef08c6ea77ea',1,'F0A2B36F-35A7-4660-B46C-D4AB796591EB',NULL,'2016-07-24 00:04:00','9f2ec079-7d0f-4fe2-90ab-8b09a8302aba'),('90a63c30-1c20-4f47-9cd8-d9bcc44e10d9',1,'F298F868-B689-4982-8C8B-9268CBF0308D',1,'F0A2B36F-35A7-4660-B46C-D4AB796591EB',NULL,'2016-07-24 00:04:00','9f2ec079-7d0f-4fe2-90ab-8b09a8302aba'),('93e3474f-a8c9-4b0e-bf42-1571e9f4e6b8',NULL,'',1,'07A8E061-AE47-49C9-8310-F055F35FF44B',NULL,NULL,NULL),('94a7787a-6659-49cc-a902-7ea63231c177',2,'4bb19533-8e81-419b-86a1-7ee56bf1dd45',1,'F0A2B36F-35A7-4660-B46C-D4AB796591EB',NULL,'2016-07-24 00:04:00','9f2ec079-7d0f-4fe2-90ab-8b09a8302aba'),('94fa7a37-986f-4534-87bc-b66bcf7246d0',1,'252229DB-35CA-47AE-BDAE-C9903ED5BA7B',1,'531F7D18-C49F-4F4F-A920-0074FCB52078',NULL,NULL,NULL),('997a0c17-7de7-4eb3-9adb-c4900b310948',2,'74eecdfb-3bee-405d-be07-27a78219c179',1,'531F7D18-C49F-4F4F-A920-0074FCB52078',NULL,NULL,NULL),('9c9cfbd1-525a-4f02-a765-30a72c771e23',2,'B6A9473D-DAA7-4574-9231-13D9E631D379',1,'F0A2B36F-35A7-4660-B46C-D4AB796591EB',NULL,'2016-07-24 00:04:00','9f2ec079-7d0f-4fe2-90ab-8b09a8302aba'),('9cc97a78-d8ca-45bd-aad5-efbeef4a4c8a',2,'8a9993af-69b2-4d8a-85b3-337745a1f428',1,'F0A2B36F-35A7-4660-B46C-D4AB796591EB',NULL,'2016-07-24 00:04:00','9f2ec079-7d0f-4fe2-90ab-8b09a8302aba'),('9fef22f9-1962-4cd0-84a6-ba85b9ce29c1',1,'B3BF41E1-0299-4EFE-BA76-A7377AC81B38',1,'F0A2B36F-35A7-4660-B46C-D4AB796591EB',NULL,'2016-07-24 00:04:00','9f2ec079-7d0f-4fe2-90ab-8b09a8302aba'),('a06b6fb1-f68a-4856-9e41-44ec8a642139',2,'85F5212F-E321-4124-B155-9374AA5D9C10',1,'531F7D18-C49F-4F4F-A920-0074FCB52078',NULL,NULL,NULL),('a8b2ff07-7af6-4e6a-8b9a-5785a25afe8c',1,'1F14A1ED-B22E-4E4A-BF10-6CF018507E76',1,'F0A2B36F-35A7-4660-B46C-D4AB796591EB',NULL,'2016-07-24 00:04:00','9f2ec079-7d0f-4fe2-90ab-8b09a8302aba'),('a8cf8cde-db46-4f5e-a3b2-883aef62ff7f',1,'252229DB-35CA-47AE-BDAE-C9903ED5BA7B',1,'F0A2B36F-35A7-4660-B46C-D4AB796591EB',NULL,'2016-07-24 00:04:00','9f2ec079-7d0f-4fe2-90ab-8b09a8302aba'),('aa5d1775-d95b-4f07-8c2b-7a9820876dc0',2,'709a4a7b-4d98-462d-b47c-351ef11db06f',1,'531F7D18-C49F-4F4F-A920-0074FCB52078',NULL,NULL,NULL),('af617592-755c-4a6b-99ac-3d1ba457d760',2,'91be873e-ccb7-434f-9a3b-d312d6d5798a',1,'531F7D18-C49F-4F4F-A920-0074FCB52078',NULL,NULL,NULL),('b10ca258-bd85-403c-aded-95b546fecaea',1,'ACDBD633-99A0-4BEF-B67C-3A5B41E7C1FD',1,'F0A2B36F-35A7-4660-B46C-D4AB796591EB',NULL,'2016-07-24 00:04:00','9f2ec079-7d0f-4fe2-90ab-8b09a8302aba'),('b52fbff2-78d5-475d-84ca-6d9ed11d3cc6',NULL,'',1,'4B2140D3-E61D-488E-ADF6-FF0EBCBC5D2C',NULL,NULL,NULL),('bb544273-6e31-4235-b507-3f0ffbfded28',NULL,'',1,'F9421969-D85C-4E4C-927F-CCFB18388A59',NULL,NULL,NULL),('c0257ed1-eae3-4260-9633-0f53b0e3d106',2,'9FD543DB-C5BB-4789-ACFF-C5865AFB032C',1,'F0A2B36F-35A7-4660-B46C-D4AB796591EB',NULL,'2016-07-24 00:04:00','9f2ec079-7d0f-4fe2-90ab-8b09a8302aba'),('c0a099cf-8ea2-4193-bd66-403f35ac3e42',1,'423A200B-FA5F-4B29-B7B7-A3F5474B725F',1,'531F7D18-C49F-4F4F-A920-0074FCB52078',NULL,NULL,NULL),('c2e04783-a45a-449d-9f7f-83d6a855ec22',1,'7858E329-16FC-49F4-93A1-11E2E7EF2998',1,'F0A2B36F-35A7-4660-B46C-D4AB796591EB',NULL,'2016-07-24 00:04:00','9f2ec079-7d0f-4fe2-90ab-8b09a8302aba'),('c2e7dba8-b103-4c63-a597-136110a89c7b',2,'e75e4efc-d461-4334-a764-56992fec38e6',1,'F0A2B36F-35A7-4660-B46C-D4AB796591EB',NULL,'2016-07-24 00:04:00','9f2ec079-7d0f-4fe2-90ab-8b09a8302aba'),('c5c51f2e-4f7d-4aa9-9b90-b0ad1679771d',2,'13c9a15f-c50d-4f09-8344-fd0050f70086',1,'531F7D18-C49F-4F4F-A920-0074FCB52078',NULL,NULL,NULL),('cb31c152-4e34-44ce-a7a8-1f0a46b4aec9',NULL,'',1,'59CEAE05-0FD4-4FD3-A755-A1DFA3803D2B',NULL,NULL,NULL),('cbf03b03-096a-4eb3-9983-81637429e51b',2,'82f162cb-beb9-4a79-8924-cd1860e26e2e',1,'531F7D18-C49F-4F4F-A920-0074FCB52078',NULL,NULL,NULL),('ccfcea25-cab8-42e7-aee3-61663d89ba93',2,'91be873e-ccb7-434f-9a3b-d312d6d5798a',1,'F0A2B36F-35A7-4660-B46C-D4AB796591EB',NULL,'2016-07-24 00:04:00','9f2ec079-7d0f-4fe2-90ab-8b09a8302aba'),('cd061505-61fe-4a4e-a612-41952ba33e3b',1,'163DA347-887C-4C91-8298-EB00FFBFEC84',1,'F0A2B36F-35A7-4660-B46C-D4AB796591EB',NULL,'2016-07-24 00:04:00','9f2ec079-7d0f-4fe2-90ab-8b09a8302aba'),('cf6bf931-ae94-4820-92de-4f80590c615d',NULL,'',1,'2DA8390B-61A4-4E6C-A6E7-8F6794C7EDCE',NULL,NULL,NULL),('d4cd5d85-c730-4bd9-9d62-3233056fa7f3',2,'E29FCBA7-F848-4A8B-BC41-A3C668A9005D',1,'F0A2B36F-35A7-4660-B46C-D4AB796591EB',NULL,'2016-07-24 00:04:00','9f2ec079-7d0f-4fe2-90ab-8b09a8302aba'),('d5f8dc31-4c8d-41a5-8154-9c855553793a',2,'ffffe7f8-900c-413a-9970-bee7d6599cce',1,'531F7D18-C49F-4F4F-A920-0074FCB52078',NULL,NULL,NULL),('d71845b3-c39b-4a99-a523-f7a93f3ac038',2,'abfdff21-8ebf-4024-8555-401b4df6acd9',1,'531F7D18-C49F-4F4F-A920-0074FCB52078',NULL,NULL,NULL),('da24baba-479c-4017-acee-569b1fa0ce1a',1,'54E9D12D-C039-4F01-A6FE-810A147D31D5',1,'F0A2B36F-35A7-4660-B46C-D4AB796591EB',NULL,'2016-07-24 00:04:00','9f2ec079-7d0f-4fe2-90ab-8b09a8302aba'),('df6281cb-6ad9-4d4b-aff2-ba6f266c1dd3',NULL,'',1,'8683CB17-5F9D-4A99-A233-A18C4D1CF95B',NULL,NULL,NULL),('df6839d3-60c4-447d-9d48-c75d26d77a7b',NULL,'',1,'7A9CF301-FCDF-4BC9-A52B-A7D4FAE2D344',NULL,NULL,NULL),('e1a1c00f-e10e-4589-8144-797f38efcd80',2,'0d777b07-041a-4205-a393-d1a009aaafc7',1,'531F7D18-C49F-4F4F-A920-0074FCB52078',NULL,NULL,NULL),('e61a0833-aa73-4e15-9c03-83b8089e6bd8',2,'9FD543DB-C5BB-4789-ACFF-C5865AFB032C',1,'531F7D18-C49F-4F4F-A920-0074FCB52078',NULL,NULL,NULL),('e6c1e0a7-aaaa-4adb-b95d-353134a484c6',1,'64A1C550-2C61-4A8C-833D-ACD0C012260F',1,'531F7D18-C49F-4F4F-A920-0074FCB52078',NULL,NULL,NULL),('e7095efa-4793-44f0-8edb-57e21d4aeea2',1,'64A1C550-2C61-4A8C-833D-ACD0C012260F',1,'F0A2B36F-35A7-4660-B46C-D4AB796591EB',NULL,'2016-07-24 00:04:00','9f2ec079-7d0f-4fe2-90ab-8b09a8302aba'),('ea573da4-7921-40db-bf8f-447ef980ee31',1,'85FAF4F4-9CBE-4904-94B3-2B930CA49F0C',1,'F0A2B36F-35A7-4660-B46C-D4AB796591EB',NULL,'2016-07-24 00:04:00','9f2ec079-7d0f-4fe2-90ab-8b09a8302aba'),('eae52f23-db61-4997-82e0-437978517f6a',1,'91A6CFAD-B2F9-4294-BDAE-76DECF412C6C',1,'531F7D18-C49F-4F4F-A920-0074FCB52078',NULL,NULL,NULL),('eb7aabf3-801e-4751-85e9-8972faec4452',1,'AF34B824-439E-4365-99CC-C1D30514D869',1,'F0A2B36F-35A7-4660-B46C-D4AB796591EB',NULL,'2016-07-24 00:04:00','9f2ec079-7d0f-4fe2-90ab-8b09a8302aba'),('ebff5f54-bbe5-482a-a763-d6fcce17b655',2,'5d708d9d-6ebe-40ea-8589-e3efce9e74ec',1,'F0A2B36F-35A7-4660-B46C-D4AB796591EB',NULL,'2016-07-24 00:04:00','9f2ec079-7d0f-4fe2-90ab-8b09a8302aba'),('f5c3d009-3d00-4be1-822c-feba6c89ae0a',1,'462027E0-0848-41DD-BCC3-025DCAE65555',1,'531F7D18-C49F-4F4F-A920-0074FCB52078',NULL,NULL,NULL),('f5dc517b-f045-41ba-bae0-f7053a89c6c9',2,'f93763ff-51a1-478d-9585-3c86084c54f3',1,'F0A2B36F-35A7-4660-B46C-D4AB796591EB',NULL,'2016-07-24 00:04:00','9f2ec079-7d0f-4fe2-90ab-8b09a8302aba'),('f8a6180a-ee18-41f4-b28e-d7e4c5a36045',NULL,'',1,'41652BB4-E2DC-420E-AA8A-8C92784B76E3',NULL,NULL,NULL),('f929d1f3-2485-4d0b-8253-ff778dd30add',2,'cd65e50a-0bea-45a9-b82e-f2eacdbd209e',1,'F0A2B36F-35A7-4660-B46C-D4AB796591EB',NULL,'2016-07-24 00:04:00','9f2ec079-7d0f-4fe2-90ab-8b09a8302aba'),('fbc0b434-f261-47eb-94c8-0c450dd56cc4',NULL,'',1,'AADB479E-9F87-49B1-AE2D-5DA6FECA3F8E',NULL,NULL,NULL),('fcf8d653-fe9a-4e8f-81d5-f4af1119bbbf',1,'F2DAD50B-95DF-48F7-8638-BA503B539143',1,'F0A2B36F-35A7-4660-B46C-D4AB796591EB',NULL,'2016-07-24 00:04:00','9f2ec079-7d0f-4fe2-90ab-8b09a8302aba');

/*Table structure for table `sys_user` */

DROP TABLE IF EXISTS `sys_user`;

CREATE TABLE `sys_user` (
  `F_Id` varchar(50) NOT NULL,
  `F_Account` varchar(50) DEFAULT NULL,
  `F_RealName` varchar(50) DEFAULT NULL,
  `F_NickName` varchar(50) DEFAULT NULL,
  `F_HeadIcon` varchar(50) DEFAULT NULL,
  `F_Gender` bit(1) DEFAULT NULL,
  `F_Birthday` datetime DEFAULT NULL,
  `F_MobilePhone` varchar(20) DEFAULT NULL,
  `F_Email` varchar(50) DEFAULT NULL,
  `F_WeChat` varchar(50) DEFAULT NULL,
  `F_ManagerId` varchar(50) DEFAULT NULL,
  `F_SecurityLevel` int(10) DEFAULT NULL,
  `F_Signature` varchar(500) DEFAULT NULL,
  `F_OrganizeId` varchar(50) DEFAULT NULL,
  `F_DepartmentId` varchar(500) DEFAULT NULL,
  `F_RoleId` varchar(500) DEFAULT NULL,
  `F_DutyId` varchar(500) DEFAULT NULL,
  `F_IsAdministrator` bit(1) DEFAULT NULL,
  `F_SortCode` int(10) DEFAULT NULL,
  `F_DeleteMark` bit(1) DEFAULT NULL,
  `F_EnabledMark` bit(1) DEFAULT NULL,
  `F_Description` varchar(500) DEFAULT NULL,
  `F_CreatorTime` datetime DEFAULT NULL,
  `F_CreatorUserId` varchar(50) DEFAULT NULL,
  `F_LastModifyTime` datetime DEFAULT NULL,
  `F_LastModifyUserId` varchar(50) DEFAULT NULL,
  `F_DeleteTime` datetime DEFAULT NULL,
  `F_DeleteUserId` varchar(500) DEFAULT NULL,
  PRIMARY KEY (`F_Id`),
  UNIQUE KEY `PK_SYS_USER` (`F_Id`)
) ENGINE=InnoDB DEFAULT CHARSET=utf8;

/*Data for the table `sys_user` */

insert  into `sys_user`(`F_Id`,`F_Account`,`F_RealName`,`F_NickName`,`F_HeadIcon`,`F_Gender`,`F_Birthday`,`F_MobilePhone`,`F_Email`,`F_WeChat`,`F_ManagerId`,`F_SecurityLevel`,`F_Signature`,`F_OrganizeId`,`F_DepartmentId`,`F_RoleId`,`F_DutyId`,`F_IsAdministrator`,`F_SortCode`,`F_DeleteMark`,`F_EnabledMark`,`F_Description`,`F_CreatorTime`,`F_CreatorUserId`,`F_LastModifyTime`,`F_LastModifyUserId`,`F_DeleteTime`,`F_DeleteUserId`) values ('0090a476-68eb-4b79-ac6c-8fd3c0ff6c89','1056','朱骏','朱骏',NULL,'',NULL,'13105673472',NULL,NULL,NULL,NULL,NULL,'5AB270C0-5D33-4203-A54F-4552699FDA3C','F02A66CA-3D8B-491B-8A17-C9ACA3E3B5DD','2691AB91-3010-465F-8D92-60A97425A45E','23ED024E-0AAA-4C8D-9216-D1AB93348D26','\0',NULL,'\0','',NULL,'2016-07-20 00:00:00',NULL,NULL,NULL,NULL,NULL),('01baaf0a-f83f-4af3-9b39-e66538844e66','1121','阴定坤','阴定坤',NULL,'',NULL,'13701972226',NULL,NULL,NULL,NULL,NULL,'5AB270C0-5D33-4203-A54F-4552699FDA3C','59703D6A-0EC9-4762-824F-A8D9E62E93D2','2691AB91-3010-465F-8D92-60A97425A45E','23ED024E-0AAA-4C8D-9216-D1AB93348D26','\0',NULL,'\0','',NULL,'2016-07-20 00:00:00',NULL,NULL,NULL,NULL,NULL),('06484cd2-d16f-4038-ae91-7431b126930d','1023','周荣锋','周荣锋',NULL,'',NULL,'17702357081',NULL,NULL,NULL,NULL,NULL,'5AB270C0-5D33-4203-A54F-4552699FDA3C','5B417E2B-4B96-4F37-8BAA-10E5A812D05E','2691AB91-3010-465F-8D92-60A97425A45E','23ED024E-0AAA-4C8D-9216-D1AB93348D26','\0',NULL,'\0','',NULL,'2016-07-20 00:00:00',NULL,NULL,NULL,NULL,NULL),('07491670-be4a-4bb3-8a12-c8a0ce3c52cd','1030','胡泽夫','胡泽夫',NULL,'',NULL,'15603963762',NULL,NULL,NULL,NULL,NULL,'5AB270C0-5D33-4203-A54F-4552699FDA3C','5B417E2B-4B96-4F37-8BAA-10E5A812D05E','2691AB91-3010-465F-8D92-60A97425A45E','23ED024E-0AAA-4C8D-9216-D1AB93348D26','\0',NULL,'\0','',NULL,'2016-07-20 00:00:00',NULL,NULL,NULL,NULL,NULL),('0c642247-ebad-4976-ab06-3c7e78e6ad12','1081','王颖姝','王颖姝',NULL,'\0',NULL,'15103619082',NULL,NULL,NULL,NULL,NULL,'5AB270C0-5D33-4203-A54F-4552699FDA3C','253EDA1F-F158-4F3F-A778-B7E538E052A2','2691AB91-3010-465F-8D92-60A97425A45E','23ED024E-0AAA-4C8D-9216-D1AB93348D26','\0',NULL,'\0','',NULL,'2016-07-20 00:00:00',NULL,NULL,NULL,NULL,NULL),('0d507044-468b-4a84-b4b7-306f093f9d88','1113','高士勤','高士勤',NULL,'',NULL,'18803237005',NULL,NULL,NULL,NULL,NULL,'5AB270C0-5D33-4203-A54F-4552699FDA3C','DFA2FB91-C909-44A3-9282-BF946102E1C9','2691AB91-3010-465F-8D92-60A97425A45E','23ED024E-0AAA-4C8D-9216-D1AB93348D26','\0',NULL,'\0','',NULL,'2016-07-20 00:00:00',NULL,NULL,NULL,NULL,NULL),('0d796336-aefe-4012-8294-89a54dce6b62','1067','葛海静','葛海静',NULL,'',NULL,'13706195173',NULL,NULL,NULL,NULL,NULL,'5AB270C0-5D33-4203-A54F-4552699FDA3C','BD830AEF-0A2E-4228-ACF8-8843C39D41D8','2691AB91-3010-465F-8D92-60A97425A45E','23ED024E-0AAA-4C8D-9216-D1AB93348D26','\0',NULL,'\0','',NULL,'2016-07-20 00:00:00',NULL,NULL,NULL,NULL,NULL),('0e1ab5fb-93db-4f69-9d79-efaf3bb52129','1091','周立萍','周立萍',NULL,'\0',NULL,'15508198948',NULL,NULL,NULL,NULL,NULL,'5AB270C0-5D33-4203-A54F-4552699FDA3C','253EDA1F-F158-4F3F-A778-B7E538E052A2','2691AB91-3010-465F-8D92-60A97425A45E','23ED024E-0AAA-4C8D-9216-D1AB93348D26','\0',NULL,'\0','',NULL,'2016-07-20 00:00:00',NULL,NULL,NULL,NULL,NULL),('0f0ff3de-688c-4370-8a79-15637ed3b20c','1035','罗建东','罗建东',NULL,'',NULL,'15107851228',NULL,NULL,NULL,NULL,NULL,'5AB270C0-5D33-4203-A54F-4552699FDA3C','5B417E2B-4B96-4F37-8BAA-10E5A812D05E','2691AB91-3010-465F-8D92-60A97425A45E','23ED024E-0AAA-4C8D-9216-D1AB93348D26','\0',NULL,'\0','',NULL,'2016-07-20 00:00:00',NULL,NULL,NULL,NULL,NULL),('0fbec5e1-f57d-4cc3-a184-adb97949b2a0','1114','韩坚强','韩坚强',NULL,'',NULL,'13306174097',NULL,NULL,NULL,NULL,NULL,'5AB270C0-5D33-4203-A54F-4552699FDA3C','DFA2FB91-C909-44A3-9282-BF946102E1C9','2691AB91-3010-465F-8D92-60A97425A45E','23ED024E-0AAA-4C8D-9216-D1AB93348D26','\0',NULL,'\0','',NULL,'2016-07-20 00:00:00',NULL,NULL,NULL,NULL,NULL),('100e3013-2882-45ae-a7fa-b826e51ba65e','1127','季冬梅','季冬梅',NULL,'\0',NULL,'17702713263',NULL,NULL,NULL,NULL,NULL,'5AB270C0-5D33-4203-A54F-4552699FDA3C','59703D6A-0EC9-4762-824F-A8D9E62E93D2','2691AB91-3010-465F-8D92-60A97425A45E','23ED024E-0AAA-4C8D-9216-D1AB93348D26','\0',NULL,'\0','',NULL,'2016-07-20 00:00:00',NULL,NULL,NULL,NULL,NULL),('11c4a1c2-daec-439c-9ea0-fc2d5630c4cd','1074','彭燕飞','彭燕飞',NULL,'',NULL,'17706936210',NULL,NULL,NULL,NULL,NULL,'5AB270C0-5D33-4203-A54F-4552699FDA3C','253EDA1F-F158-4F3F-A778-B7E538E052A2','2691AB91-3010-465F-8D92-60A97425A45E','23ED024E-0AAA-4C8D-9216-D1AB93348D26','\0',NULL,'\0','',NULL,'2016-07-20 00:00:00',NULL,NULL,NULL,NULL,NULL),('122b1e73-548d-429c-aa33-3e73635a7f44','1083','吴昊','吴昊',NULL,'',NULL,'13905671431',NULL,NULL,NULL,NULL,NULL,'5AB270C0-5D33-4203-A54F-4552699FDA3C','253EDA1F-F158-4F3F-A778-B7E538E052A2','2691AB91-3010-465F-8D92-60A97425A45E','23ED024E-0AAA-4C8D-9216-D1AB93348D26','\0',NULL,'\0','',NULL,'2016-07-20 00:00:00',NULL,NULL,NULL,NULL,NULL),('13f9bb09-6db1-4932-acdd-36cfc39ce1a3','1034','刘玮','刘玮',NULL,'',NULL,'15206367913',NULL,NULL,NULL,NULL,NULL,'5AB270C0-5D33-4203-A54F-4552699FDA3C','5B417E2B-4B96-4F37-8BAA-10E5A812D05E','2691AB91-3010-465F-8D92-60A97425A45E','23ED024E-0AAA-4C8D-9216-D1AB93348D26','\0',NULL,'\0','',NULL,'2016-07-20 00:00:00',NULL,NULL,NULL,NULL,NULL),('158fa76f-1d82-4a38-a4e2-624239355b4d','1032','李云','李云',NULL,'',NULL,'18207194920',NULL,NULL,NULL,NULL,NULL,'5AB270C0-5D33-4203-A54F-4552699FDA3C','5B417E2B-4B96-4F37-8BAA-10E5A812D05E','2691AB91-3010-465F-8D92-60A97425A45E','23ED024E-0AAA-4C8D-9216-D1AB93348D26','\0',NULL,'\0','',NULL,'2016-07-20 00:00:00',NULL,NULL,NULL,NULL,NULL),('16c9ed0a-4eb8-49e0-b287-a7115c2066d6','1071','李育芹','李育芹',NULL,'',NULL,'13503372349',NULL,NULL,NULL,NULL,NULL,'5AB270C0-5D33-4203-A54F-4552699FDA3C','BD830AEF-0A2E-4228-ACF8-8843C39D41D8','2691AB91-3010-465F-8D92-60A97425A45E','23ED024E-0AAA-4C8D-9216-D1AB93348D26','\0',NULL,'\0','',NULL,'2016-07-20 00:00:00',NULL,NULL,NULL,NULL,NULL),('1c6fb8ad-cc89-414d-835d-1b5be789493d','1080','王素霞','王素霞',NULL,'',NULL,'15102116668',NULL,NULL,NULL,NULL,NULL,'5AB270C0-5D33-4203-A54F-4552699FDA3C','253EDA1F-F158-4F3F-A778-B7E538E052A2','2691AB91-3010-465F-8D92-60A97425A45E','23ED024E-0AAA-4C8D-9216-D1AB93348D26','\0',NULL,'\0','',NULL,'2016-07-20 00:00:00',NULL,NULL,NULL,NULL,NULL),('1db3b68b-ea00-42ad-b496-d77acd7cab90','1111','杜德红','杜德红',NULL,'',NULL,'13801401888',NULL,NULL,NULL,NULL,NULL,'5AB270C0-5D33-4203-A54F-4552699FDA3C','253EDA1F-F158-4F3F-A778-B7E538E052A2','2691AB91-3010-465F-8D92-60A97425A45E','23ED024E-0AAA-4C8D-9216-D1AB93348D26','\0',NULL,'\0','',NULL,'2016-07-20 00:00:00',NULL,NULL,NULL,NULL,NULL),('1ddf560b-c18e-48d4-b132-f90eb7475741','1018','吴凤祥','吴凤祥',NULL,'',NULL,'15803726128',NULL,NULL,NULL,NULL,NULL,'5AB270C0-5D33-4203-A54F-4552699FDA3C','80E10CD5-7591-40B8-A005-BCDE1B961E76','2691AB91-3010-465F-8D92-60A97425A45E','23ED024E-0AAA-4C8D-9216-D1AB93348D26','\0',NULL,'\0','',NULL,'2016-07-20 00:00:00',NULL,NULL,NULL,NULL,NULL),('200cab1a-30df-4cdf-a9a5-258b882a23e7','1013','邓海燕','邓海燕',NULL,'\0',NULL,'18305105175',NULL,NULL,NULL,NULL,NULL,'5AB270C0-5D33-4203-A54F-4552699FDA3C','80E10CD5-7591-40B8-A005-BCDE1B961E76','2691AB91-3010-465F-8D92-60A97425A45E','23ED024E-0AAA-4C8D-9216-D1AB93348D26','\0',NULL,'\0','',NULL,'2016-07-20 00:00:00',NULL,NULL,NULL,NULL,NULL),('2016da68-e116-43d8-9d06-6ea19c559220','1060','黄青春','黄青春',NULL,'',NULL,'15902850648',NULL,NULL,NULL,NULL,NULL,'5AB270C0-5D33-4203-A54F-4552699FDA3C','554C61CE-6AE0-44EB-B33D-A462BE7EB3E1','2691AB91-3010-465F-8D92-60A97425A45E','23ED024E-0AAA-4C8D-9216-D1AB93348D26','\0',NULL,'\0','',NULL,'2016-07-20 00:00:00',NULL,NULL,NULL,NULL,NULL),('2365e142-9fc9-4837-9be4-5587a07a735f','1053','赵亮','赵亮',NULL,'',NULL,'18607621552',NULL,NULL,NULL,NULL,NULL,'5AB270C0-5D33-4203-A54F-4552699FDA3C','F02A66CA-3D8B-491B-8A17-C9ACA3E3B5DD','2691AB91-3010-465F-8D92-60A97425A45E','23ED024E-0AAA-4C8D-9216-D1AB93348D26','\0',NULL,'\0','',NULL,'2016-07-20 00:00:00',NULL,NULL,NULL,NULL,NULL),('24a54791-44fb-4fea-95a9-2ba21cf0d3a0','1075','沈海云','沈海云',NULL,'\0',NULL,'18908438624',NULL,NULL,NULL,NULL,NULL,'5AB270C0-5D33-4203-A54F-4552699FDA3C','253EDA1F-F158-4F3F-A778-B7E538E052A2','2691AB91-3010-465F-8D92-60A97425A45E','23ED024E-0AAA-4C8D-9216-D1AB93348D26','\0',NULL,'\0','',NULL,'2016-07-20 00:00:00',NULL,NULL,NULL,NULL,NULL),('264e11ac-97c8-468c-a6e0-7e74a8c94b5b','1125','朱红梅','朱红梅',NULL,'\0',NULL,'15008767245',NULL,NULL,NULL,NULL,NULL,'5AB270C0-5D33-4203-A54F-4552699FDA3C','59703D6A-0EC9-4762-824F-A8D9E62E93D2','2691AB91-3010-465F-8D92-60A97425A45E','23ED024E-0AAA-4C8D-9216-D1AB93348D26','\0',NULL,'\0','',NULL,'2016-07-20 00:00:00',NULL,NULL,NULL,NULL,NULL),('2664b7a9-6a45-40a2-85e0-ea27887b74bb','1058','蒯红梅','蒯红梅',NULL,'\0',NULL,'13007744919',NULL,NULL,NULL,NULL,NULL,'5AB270C0-5D33-4203-A54F-4552699FDA3C','F02A66CA-3D8B-491B-8A17-C9ACA3E3B5DD','2691AB91-3010-465F-8D92-60A97425A45E','23ED024E-0AAA-4C8D-9216-D1AB93348D26','\0',NULL,'\0','',NULL,'2016-07-20 00:00:00',NULL,NULL,NULL,NULL,NULL),('29acefc8-ce05-4369-81ea-f9e998d1fa02','1126','晏登峰','晏登峰',NULL,'',NULL,'15207646172',NULL,NULL,NULL,NULL,NULL,'5AB270C0-5D33-4203-A54F-4552699FDA3C','59703D6A-0EC9-4762-824F-A8D9E62E93D2','2691AB91-3010-465F-8D92-60A97425A45E','23ED024E-0AAA-4C8D-9216-D1AB93348D26','\0',NULL,'\0','',NULL,'2016-07-20 00:00:00',NULL,NULL,NULL,NULL,NULL),('2b33a324-5548-4d29-9030-d788f7c257fb','1037','戚容容','戚容容',NULL,'',NULL,'15305864510',NULL,NULL,NULL,NULL,NULL,'5AB270C0-5D33-4203-A54F-4552699FDA3C','5B417E2B-4B96-4F37-8BAA-10E5A812D05E','2691AB91-3010-465F-8D92-60A97425A45E','23ED024E-0AAA-4C8D-9216-D1AB93348D26','\0',NULL,'\0','',NULL,'2016-07-20 00:00:00',NULL,NULL,NULL,NULL,NULL),('2fd34599-042a-4caf-a98b-bd227ab6be0f','1045','夏燕芬','夏燕芬',NULL,'',NULL,'15603992060',NULL,NULL,NULL,NULL,NULL,'5AB270C0-5D33-4203-A54F-4552699FDA3C','5B417E2B-4B96-4F37-8BAA-10E5A812D05E','2691AB91-3010-465F-8D92-60A97425A45E','23ED024E-0AAA-4C8D-9216-D1AB93348D26','\0',NULL,'\0','',NULL,'2016-07-20 00:00:00',NULL,NULL,NULL,NULL,NULL),('300f8d40-ad2d-4f43-9fd4-937acc8029ed','1097','黄晓华','黄晓华',NULL,'',NULL,'13302210597',NULL,NULL,NULL,NULL,NULL,'5AB270C0-5D33-4203-A54F-4552699FDA3C','253EDA1F-F158-4F3F-A778-B7E538E052A2','2691AB91-3010-465F-8D92-60A97425A45E','23ED024E-0AAA-4C8D-9216-D1AB93348D26','\0',NULL,'\0','',NULL,'2016-07-20 00:00:00',NULL,NULL,NULL,NULL,NULL),('318ba1e7-f4fa-4d88-869c-aa6e4f8c961c','1047','徐志海','徐志海',NULL,'',NULL,'13008666995',NULL,NULL,NULL,NULL,NULL,'5AB270C0-5D33-4203-A54F-4552699FDA3C','5B417E2B-4B96-4F37-8BAA-10E5A812D05E','2691AB91-3010-465F-8D92-60A97425A45E','23ED024E-0AAA-4C8D-9216-D1AB93348D26','\0',NULL,'\0','',NULL,'2016-07-20 00:00:00',NULL,NULL,NULL,NULL,NULL),('32585483-5534-4690-bc20-1b509e737f9c','1042','王琳琳','王琳琳',NULL,'\0',NULL,'13403325753',NULL,NULL,NULL,NULL,NULL,'5AB270C0-5D33-4203-A54F-4552699FDA3C','5B417E2B-4B96-4F37-8BAA-10E5A812D05E','2691AB91-3010-465F-8D92-60A97425A45E','23ED024E-0AAA-4C8D-9216-D1AB93348D26','\0',NULL,'\0','',NULL,'2016-07-20 00:00:00',NULL,NULL,NULL,NULL,NULL),('38c9c1e6-7b89-4aed-b782-4cbf082a4b72','1011','陈国祥','陈国祥',NULL,'',NULL,'18707385959',NULL,NULL,NULL,NULL,NULL,'5AB270C0-5D33-4203-A54F-4552699FDA3C','80E10CD5-7591-40B8-A005-BCDE1B961E76','2691AB91-3010-465F-8D92-60A97425A45E','23ED024E-0AAA-4C8D-9216-D1AB93348D26','\0',NULL,'\0','',NULL,'2016-07-20 00:00:00',NULL,NULL,NULL,NULL,NULL),('395d6e38-0e60-4256-b1cc-072c83adec6c','1062','蔡晓艳','蔡晓艳',NULL,'\0',NULL,'15303467417',NULL,NULL,NULL,NULL,NULL,'5AB270C0-5D33-4203-A54F-4552699FDA3C','554C61CE-6AE0-44EB-B33D-A462BE7EB3E1','2691AB91-3010-465F-8D92-60A97425A45E','23ED024E-0AAA-4C8D-9216-D1AB93348D26','\0',NULL,'\0','',NULL,'2016-07-20 00:00:00',NULL,NULL,NULL,NULL,NULL),('3b3dfd02-4940-4125-b4de-c42f94626872','1116','季明兰','季明兰',NULL,'\0',NULL,'18005632057',NULL,NULL,NULL,NULL,NULL,'5AB270C0-5D33-4203-A54F-4552699FDA3C','59703D6A-0EC9-4762-824F-A8D9E62E93D2','2691AB91-3010-465F-8D92-60A97425A45E','23ED024E-0AAA-4C8D-9216-D1AB93348D26','\0',NULL,'\0','',NULL,'2016-07-20 00:00:00',NULL,NULL,NULL,NULL,NULL),('3bc596ca-1ffc-4cb7-9c26-6ab3afb8256b','1109','卞宏群','卞宏群',NULL,'',NULL,'18603407705',NULL,NULL,NULL,NULL,NULL,'5AB270C0-5D33-4203-A54F-4552699FDA3C','253EDA1F-F158-4F3F-A778-B7E538E052A2','2691AB91-3010-465F-8D92-60A97425A45E','23ED024E-0AAA-4C8D-9216-D1AB93348D26','\0',NULL,'\0','',NULL,'2016-07-20 00:00:00',NULL,NULL,NULL,NULL,NULL),('3ed28896-e246-4301-908f-2dfbcf92b33b','1063','陈莉','陈莉',NULL,'\0',NULL,'18802592674',NULL,NULL,NULL,NULL,NULL,'5AB270C0-5D33-4203-A54F-4552699FDA3C','554C61CE-6AE0-44EB-B33D-A462BE7EB3E1','2691AB91-3010-465F-8D92-60A97425A45E','23ED024E-0AAA-4C8D-9216-D1AB93348D26','\0',NULL,'\0','',NULL,'2016-07-20 00:00:00',NULL,NULL,NULL,NULL,NULL),('40075d85-1b80-4da3-b061-76b7b1edb16e','1025','陈翠梅','陈翠梅',NULL,'\0',NULL,'17607956297',NULL,NULL,NULL,NULL,NULL,'5AB270C0-5D33-4203-A54F-4552699FDA3C','5B417E2B-4B96-4F37-8BAA-10E5A812D05E','2691AB91-3010-465F-8D92-60A97425A45E','23ED024E-0AAA-4C8D-9216-D1AB93348D26','\0',NULL,'\0','',NULL,'2016-07-20 00:00:00',NULL,NULL,NULL,NULL,NULL),('45951653-bd26-482f-a1b5-4ac6c8b7be7b','1044','吴莉莉','吴莉莉',NULL,'\0',NULL,'13302498745',NULL,NULL,NULL,NULL,NULL,'5AB270C0-5D33-4203-A54F-4552699FDA3C','5B417E2B-4B96-4F37-8BAA-10E5A812D05E','2691AB91-3010-465F-8D92-60A97425A45E','23ED024E-0AAA-4C8D-9216-D1AB93348D26','\0',NULL,'\0','',NULL,'2016-07-20 00:00:00',NULL,NULL,NULL,NULL,NULL),('47a95b17-ff8b-46f9-99a4-02a7e6a53550','1015','明汉琴','明汉琴',NULL,'',NULL,'18808336333',NULL,NULL,NULL,NULL,NULL,'5AB270C0-5D33-4203-A54F-4552699FDA3C','80E10CD5-7591-40B8-A005-BCDE1B961E76','2691AB91-3010-465F-8D92-60A97425A45E','23ED024E-0AAA-4C8D-9216-D1AB93348D26','\0',NULL,'\0','',NULL,'2016-07-20 00:00:00',NULL,NULL,NULL,NULL,NULL),('4c1220cd-edc1-4cee-a5dc-44f876389a2c','1107','王晓芳','王晓芳',NULL,'\0',NULL,'18303940645',NULL,NULL,NULL,NULL,NULL,'5AB270C0-5D33-4203-A54F-4552699FDA3C','253EDA1F-F158-4F3F-A778-B7E538E052A2','2691AB91-3010-465F-8D92-60A97425A45E','23ED024E-0AAA-4C8D-9216-D1AB93348D26','\0',NULL,'\0','',NULL,'2016-07-20 00:00:00',NULL,NULL,NULL,NULL,NULL),('4c8909b9-3ddb-4855-baa4-82edc2e3a5c1','1036','欧勇华','欧勇华',NULL,'',NULL,'15506985584',NULL,NULL,NULL,NULL,NULL,'5AB270C0-5D33-4203-A54F-4552699FDA3C','5B417E2B-4B96-4F37-8BAA-10E5A812D05E','2691AB91-3010-465F-8D92-60A97425A45E','23ED024E-0AAA-4C8D-9216-D1AB93348D26','\0',NULL,'\0','',NULL,'2016-07-20 00:00:00',NULL,NULL,NULL,NULL,NULL),('4eee745e-97eb-470f-9372-605ded7f5917','1068','顾鹏程','顾鹏程',NULL,'',NULL,'13707697586',NULL,NULL,NULL,NULL,NULL,'5AB270C0-5D33-4203-A54F-4552699FDA3C','BD830AEF-0A2E-4228-ACF8-8843C39D41D8','2691AB91-3010-465F-8D92-60A97425A45E','23ED024E-0AAA-4C8D-9216-D1AB93348D26','\0',NULL,'\0','',NULL,'2016-07-20 00:00:00',NULL,NULL,NULL,NULL,NULL),('50eab71b-bf70-4037-9a57-8fdff44cffe3','1048','严晨','严晨',NULL,'',NULL,'13002280310',NULL,NULL,NULL,NULL,NULL,'5AB270C0-5D33-4203-A54F-4552699FDA3C','5B417E2B-4B96-4F37-8BAA-10E5A812D05E','2691AB91-3010-465F-8D92-60A97425A45E','23ED024E-0AAA-4C8D-9216-D1AB93348D26','\0',NULL,'\0','',NULL,'2016-07-20 00:00:00',NULL,NULL,NULL,NULL,NULL),('547be453-cbdc-44d1-a6e5-9852cb044e4a','1021','张珊珊','张珊珊',NULL,'\0',NULL,'13003184088',NULL,NULL,NULL,NULL,NULL,'5AB270C0-5D33-4203-A54F-4552699FDA3C','5B417E2B-4B96-4F37-8BAA-10E5A812D05E','2691AB91-3010-465F-8D92-60A97425A45E','23ED024E-0AAA-4C8D-9216-D1AB93348D26','\0',NULL,'\0','',NULL,'2016-07-20 00:00:00',NULL,NULL,NULL,NULL,NULL),('549bc2c1-c791-45c1-9746-93c871078a03','1079','王娟','王娟',NULL,'\0',NULL,'13307050478',NULL,NULL,NULL,NULL,NULL,'5AB270C0-5D33-4203-A54F-4552699FDA3C','253EDA1F-F158-4F3F-A778-B7E538E052A2','2691AB91-3010-465F-8D92-60A97425A45E','23ED024E-0AAA-4C8D-9216-D1AB93348D26','\0',NULL,'\0','',NULL,'2016-07-20 00:00:00',NULL,NULL,NULL,NULL,NULL),('55fc76db-6557-4711-9032-293886633830','1110','单玉华','单玉华',NULL,'',NULL,'13206344796',NULL,NULL,NULL,NULL,NULL,'5AB270C0-5D33-4203-A54F-4552699FDA3C','253EDA1F-F158-4F3F-A778-B7E538E052A2','2691AB91-3010-465F-8D92-60A97425A45E','23ED024E-0AAA-4C8D-9216-D1AB93348D26','\0',NULL,'\0','',NULL,'2016-07-20 00:00:00',NULL,NULL,NULL,NULL,NULL),('596bd87a-ec5a-46e9-bd95-78392e41d6b1','1096','乐丽萍','乐丽萍',NULL,'\0',NULL,'18707153506',NULL,NULL,NULL,NULL,NULL,'5AB270C0-5D33-4203-A54F-4552699FDA3C','253EDA1F-F158-4F3F-A778-B7E538E052A2','2691AB91-3010-465F-8D92-60A97425A45E','23ED024E-0AAA-4C8D-9216-D1AB93348D26','\0',NULL,'\0','',NULL,'2016-07-20 00:00:00',NULL,NULL,NULL,NULL,NULL),('5f1cb307-761f-4c27-bfb3-5571038e87d2','1070','李进洋','李进洋',NULL,'',NULL,'13501879034',NULL,NULL,NULL,NULL,NULL,'5AB270C0-5D33-4203-A54F-4552699FDA3C','BD830AEF-0A2E-4228-ACF8-8843C39D41D8','2691AB91-3010-465F-8D92-60A97425A45E','23ED024E-0AAA-4C8D-9216-D1AB93348D26','\0',NULL,'\0','',NULL,'2016-07-20 00:00:00',NULL,NULL,NULL,NULL,NULL),('5fbacb42-35a0-43e2-8912-4754cbd84528','1103','吴亚敏','吴亚敏',NULL,'',NULL,'13507933180',NULL,NULL,NULL,NULL,NULL,'5AB270C0-5D33-4203-A54F-4552699FDA3C','253EDA1F-F158-4F3F-A778-B7E538E052A2','2691AB91-3010-465F-8D92-60A97425A45E','23ED024E-0AAA-4C8D-9216-D1AB93348D26','\0',NULL,'\0','',NULL,'2016-07-20 00:00:00',NULL,NULL,NULL,NULL,NULL),('6903ab9d-20cd-44c4-a380-09f229366e1f','1010','白玉芬','白玉芬',NULL,'\0',NULL,'15202701761',NULL,NULL,NULL,NULL,NULL,'5AB270C0-5D33-4203-A54F-4552699FDA3C','80E10CD5-7591-40B8-A005-BCDE1B961E76','531F7D18-C49F-4F4F-A920-0074FCB52078','23ED024E-0AAA-4C8D-9216-D1AB93348D26','\0',NULL,'\0','','测试数据','2016-07-20 00:00:00',NULL,'2016-07-24 22:58:44','9f2ec079-7d0f-4fe2-90ab-8b09a8302aba',NULL,NULL),('69b52c4a-5bf5-4045-a97e-85c47e583e36','1123','赵海燕','赵海燕',NULL,'\0',NULL,'13901430186',NULL,NULL,NULL,NULL,NULL,'5AB270C0-5D33-4203-A54F-4552699FDA3C','59703D6A-0EC9-4762-824F-A8D9E62E93D2','2691AB91-3010-465F-8D92-60A97425A45E','23ED024E-0AAA-4C8D-9216-D1AB93348D26','\0',NULL,'\0','','111','2016-07-20 00:00:00',NULL,NULL,NULL,NULL,NULL),('6a1e3bb6-49c2-4d64-becc-e5644678178f','1028','顾爱华','顾爱华',NULL,'',NULL,'17704790769',NULL,NULL,NULL,NULL,NULL,'5AB270C0-5D33-4203-A54F-4552699FDA3C','5B417E2B-4B96-4F37-8BAA-10E5A812D05E','2691AB91-3010-465F-8D92-60A97425A45E','23ED024E-0AAA-4C8D-9216-D1AB93348D26','\0',NULL,'\0','',NULL,'2016-07-20 00:00:00',NULL,NULL,NULL,NULL,NULL),('6b07511c-cbf8-408c-9090-bf487814d562','1108','缪崔云','缪崔云',NULL,'',NULL,'13006886836',NULL,NULL,NULL,NULL,NULL,'5AB270C0-5D33-4203-A54F-4552699FDA3C','253EDA1F-F158-4F3F-A778-B7E538E052A2','2691AB91-3010-465F-8D92-60A97425A45E','23ED024E-0AAA-4C8D-9216-D1AB93348D26','\0',NULL,'\0','',NULL,'2016-07-20 00:00:00',NULL,NULL,NULL,NULL,NULL),('6b786b65-206d-44bd-b1b5-df49ebbb1bea','1112','冯素梅','冯素梅',NULL,'',NULL,'15008170814',NULL,NULL,NULL,NULL,NULL,'5AB270C0-5D33-4203-A54F-4552699FDA3C','DFA2FB91-C909-44A3-9282-BF946102E1C9','2691AB91-3010-465F-8D92-60A97425A45E','23ED024E-0AAA-4C8D-9216-D1AB93348D26','\0',NULL,'\0','',NULL,'2016-07-20 00:00:00',NULL,NULL,NULL,NULL,NULL),('6c19b537-f44d-4612-b9b0-647cf8672bce','1057','朱勇军','朱勇军',NULL,'',NULL,'18204797828',NULL,NULL,NULL,NULL,NULL,'5AB270C0-5D33-4203-A54F-4552699FDA3C','F02A66CA-3D8B-491B-8A17-C9ACA3E3B5DD','2691AB91-3010-465F-8D92-60A97425A45E','23ED024E-0AAA-4C8D-9216-D1AB93348D26','\0',NULL,'\0','',NULL,'2016-07-20 00:00:00',NULL,NULL,NULL,NULL,NULL),('6f533c8b-8d8b-4ea9-aa66-603c67a8120a','1093','朱兵','朱兵',NULL,'',NULL,'18706203132',NULL,NULL,NULL,NULL,NULL,'5AB270C0-5D33-4203-A54F-4552699FDA3C','253EDA1F-F158-4F3F-A778-B7E538E052A2','2691AB91-3010-465F-8D92-60A97425A45E','23ED024E-0AAA-4C8D-9216-D1AB93348D26','\0',NULL,'\0','',NULL,'2016-07-20 00:00:00',NULL,NULL,NULL,NULL,NULL),('702ea347-099f-4afd-a7a2-11091418fc50','1082','韦红玲','韦红玲',NULL,'\0',NULL,'15502734339',NULL,NULL,NULL,NULL,NULL,'5AB270C0-5D33-4203-A54F-4552699FDA3C','253EDA1F-F158-4F3F-A778-B7E538E052A2','2691AB91-3010-465F-8D92-60A97425A45E','23ED024E-0AAA-4C8D-9216-D1AB93348D26','\0',NULL,'\0','',NULL,'2016-07-20 00:00:00',NULL,NULL,NULL,NULL,NULL),('75b2c660-c5f8-41f7-980c-d979e8ec9eaa','1022','郑永军','郑永军',NULL,'',NULL,'18103232725',NULL,NULL,NULL,NULL,NULL,'5AB270C0-5D33-4203-A54F-4552699FDA3C','5B417E2B-4B96-4F37-8BAA-10E5A812D05E','2691AB91-3010-465F-8D92-60A97425A45E','23ED024E-0AAA-4C8D-9216-D1AB93348D26','\0',NULL,'\0','',NULL,'2016-07-20 00:00:00',NULL,NULL,NULL,NULL,NULL),('763d5744-89ae-4497-ba19-79dba081646f','1086','杨素娟','杨素娟',NULL,'',NULL,'15006621805',NULL,NULL,NULL,NULL,NULL,'5AB270C0-5D33-4203-A54F-4552699FDA3C','253EDA1F-F158-4F3F-A778-B7E538E052A2','2691AB91-3010-465F-8D92-60A97425A45E','23ED024E-0AAA-4C8D-9216-D1AB93348D26','\0',NULL,'\0','',NULL,'2016-07-20 00:00:00',NULL,NULL,NULL,NULL,NULL),('79756b91-ea5b-4d28-9b46-dd192bb67895','1041','汪渠渠','汪渠渠',NULL,'',NULL,'13401833339',NULL,NULL,NULL,NULL,NULL,'5AB270C0-5D33-4203-A54F-4552699FDA3C','5B417E2B-4B96-4F37-8BAA-10E5A812D05E','2691AB91-3010-465F-8D92-60A97425A45E','23ED024E-0AAA-4C8D-9216-D1AB93348D26','\0',NULL,'\0','',NULL,'2016-07-20 00:00:00',NULL,NULL,NULL,NULL,NULL),('812a57a4-5a53-4a52-9eb1-70b6f45ec4a5','1073','糜金萍','糜金萍',NULL,'',NULL,'15703990019',NULL,NULL,NULL,NULL,NULL,'5AB270C0-5D33-4203-A54F-4552699FDA3C','253EDA1F-F158-4F3F-A778-B7E538E052A2','2691AB91-3010-465F-8D92-60A97425A45E','23ED024E-0AAA-4C8D-9216-D1AB93348D26','\0',NULL,'\0','',NULL,'2016-07-20 00:00:00',NULL,NULL,NULL,NULL,NULL),('833333a5-7020-4912-929f-10439423fe44','1078','王粉兰','王粉兰',NULL,'\0',NULL,'18704113386',NULL,NULL,NULL,NULL,NULL,'5AB270C0-5D33-4203-A54F-4552699FDA3C','253EDA1F-F158-4F3F-A778-B7E538E052A2','2691AB91-3010-465F-8D92-60A97425A45E','23ED024E-0AAA-4C8D-9216-D1AB93348D26','\0',NULL,'\0','',NULL,'2016-07-20 00:00:00',NULL,NULL,NULL,NULL,NULL),('833ad021-6ccc-4db0-8017-5021f5327260','1027','邓正同','邓正同',NULL,'',NULL,'13403307455',NULL,NULL,NULL,NULL,NULL,'5AB270C0-5D33-4203-A54F-4552699FDA3C','5B417E2B-4B96-4F37-8BAA-10E5A812D05E','2691AB91-3010-465F-8D92-60A97425A45E','23ED024E-0AAA-4C8D-9216-D1AB93348D26','\0',NULL,'\0','',NULL,'2016-07-20 00:00:00',NULL,NULL,NULL,NULL,NULL),('8b269fcf-9f22-4d32-a269-cabdac469749','1029','郭荣兰','郭荣兰',NULL,'',NULL,'15602471348',NULL,NULL,NULL,NULL,NULL,'5AB270C0-5D33-4203-A54F-4552699FDA3C','5B417E2B-4B96-4F37-8BAA-10E5A812D05E','2691AB91-3010-465F-8D92-60A97425A45E','23ED024E-0AAA-4C8D-9216-D1AB93348D26','\0',NULL,'\0','',NULL,'2016-07-20 00:00:00',NULL,NULL,NULL,NULL,NULL),('90794d73-bfa8-4afe-b352-a2be0ec2065d','1106','何雪峰','何雪峰',NULL,'',NULL,'13601003554',NULL,NULL,NULL,NULL,NULL,'5AB270C0-5D33-4203-A54F-4552699FDA3C','253EDA1F-F158-4F3F-A778-B7E538E052A2','2691AB91-3010-465F-8D92-60A97425A45E','23ED024E-0AAA-4C8D-9216-D1AB93348D26','\0',NULL,'\0','',NULL,'2016-07-20 00:00:00',NULL,NULL,NULL,NULL,NULL),('9428af0b-bc25-429d-a646-ef54275191f3','1087','殷鹏','殷鹏',NULL,'',NULL,'15008124218',NULL,NULL,NULL,NULL,NULL,'5AB270C0-5D33-4203-A54F-4552699FDA3C','253EDA1F-F158-4F3F-A778-B7E538E052A2','2691AB91-3010-465F-8D92-60A97425A45E','23ED024E-0AAA-4C8D-9216-D1AB93348D26','\0',NULL,'\0','',NULL,'2016-07-20 00:00:00',NULL,NULL,NULL,NULL,NULL),('9453d365-cbb8-446e-94c2-3d468a0ccfd8','1101','马亚军','马亚军',NULL,'',NULL,'15206107162',NULL,NULL,NULL,NULL,NULL,'5AB270C0-5D33-4203-A54F-4552699FDA3C','253EDA1F-F158-4F3F-A778-B7E538E052A2','2691AB91-3010-465F-8D92-60A97425A45E','23ED024E-0AAA-4C8D-9216-D1AB93348D26','\0',NULL,'\0','',NULL,'2016-07-20 00:00:00',NULL,NULL,NULL,NULL,NULL),('965058ec-138a-4343-8b9b-4936bf2a271a','1092','周勇','周勇',NULL,'',NULL,'13903256040',NULL,NULL,NULL,NULL,NULL,'5AB270C0-5D33-4203-A54F-4552699FDA3C','253EDA1F-F158-4F3F-A778-B7E538E052A2','2691AB91-3010-465F-8D92-60A97425A45E','23ED024E-0AAA-4C8D-9216-D1AB93348D26','\0',NULL,'\0','',NULL,'2016-07-20 00:00:00',NULL,NULL,NULL,NULL,NULL),('97884662-b0e8-4870-ae53-492aa8829fbf','1122','袁广伟','袁广伟',NULL,'',NULL,'13206363094',NULL,NULL,NULL,NULL,NULL,'5AB270C0-5D33-4203-A54F-4552699FDA3C','59703D6A-0EC9-4762-824F-A8D9E62E93D2','2691AB91-3010-465F-8D92-60A97425A45E','23ED024E-0AAA-4C8D-9216-D1AB93348D26','\0',NULL,'\0','',NULL,'2016-07-20 00:00:00',NULL,NULL,NULL,NULL,NULL),('9798d1b6-2ad2-4228-8c1a-6d3107120e29','1020','徐丽云','徐丽云',NULL,'\0',NULL,'18605503509',NULL,NULL,NULL,NULL,NULL,'5AB270C0-5D33-4203-A54F-4552699FDA3C','80E10CD5-7591-40B8-A005-BCDE1B961E76','2691AB91-3010-465F-8D92-60A97425A45E','23ED024E-0AAA-4C8D-9216-D1AB93348D26','\0',NULL,'\0','',NULL,'2016-07-20 00:00:00',NULL,NULL,NULL,NULL,NULL),('9caa1edf-0e06-4481-ab50-139949046e24','1039','施跃','施跃',NULL,'',NULL,'13905037503',NULL,NULL,NULL,NULL,NULL,'5AB270C0-5D33-4203-A54F-4552699FDA3C','5B417E2B-4B96-4F37-8BAA-10E5A812D05E','2691AB91-3010-465F-8D92-60A97425A45E','23ED024E-0AAA-4C8D-9216-D1AB93348D26','\0',NULL,'\0','',NULL,'2016-07-20 00:00:00',NULL,NULL,NULL,NULL,NULL),('9d87b542-bb14-4087-ad53-4ab0238b0fef','1118','潘国霞','潘国霞',NULL,'',NULL,'18105080017',NULL,NULL,NULL,NULL,NULL,'5AB270C0-5D33-4203-A54F-4552699FDA3C','59703D6A-0EC9-4762-824F-A8D9E62E93D2','2691AB91-3010-465F-8D92-60A97425A45E','23ED024E-0AAA-4C8D-9216-D1AB93348D26','\0',NULL,'\0','',NULL,'2016-07-20 00:00:00',NULL,NULL,NULL,NULL,NULL),('9f2ec079-7d0f-4fe2-90ab-8b09a8302aba','admin','超级管理员','超级管理员',NULL,'',NULL,'13600000000',NULL,NULL,NULL,NULL,NULL,'5AB270C0-5D33-4203-A54F-4552699FDA3C','554C61CE-6AE0-44EB-B33D-A462BE7EB3E1',NULL,NULL,'\0',NULL,'\0','','系统内置账户','2016-07-20 00:00:00',NULL,NULL,NULL,NULL,NULL),('a8d1b2a1-b4f7-43c8-9750-226f00108bc9','1043','王婷婷','王婷婷',NULL,'\0',NULL,'17704828166',NULL,NULL,NULL,NULL,NULL,'5AB270C0-5D33-4203-A54F-4552699FDA3C','5B417E2B-4B96-4F37-8BAA-10E5A812D05E','2691AB91-3010-465F-8D92-60A97425A45E','23ED024E-0AAA-4C8D-9216-D1AB93348D26','\0',NULL,'\0','',NULL,'2016-07-20 00:00:00',NULL,NULL,NULL,NULL,NULL),('a9450c22-926d-4afa-ae3b-2c8602762a81','1014','纪海燕','纪海燕',NULL,'\0',NULL,'15702775754',NULL,NULL,NULL,NULL,NULL,'5AB270C0-5D33-4203-A54F-4552699FDA3C','80E10CD5-7591-40B8-A005-BCDE1B961E76','2691AB91-3010-465F-8D92-60A97425A45E','23ED024E-0AAA-4C8D-9216-D1AB93348D26','\0',NULL,'\0','',NULL,'2016-07-20 00:00:00',NULL,NULL,NULL,NULL,NULL),('a9a27d8a-3543-4d3d-903e-71790b20dcd1','1085','许黎辉','许黎辉',NULL,'',NULL,'15603684713',NULL,NULL,NULL,NULL,NULL,'5AB270C0-5D33-4203-A54F-4552699FDA3C','253EDA1F-F158-4F3F-A778-B7E538E052A2','2691AB91-3010-465F-8D92-60A97425A45E','23ED024E-0AAA-4C8D-9216-D1AB93348D26','\0',NULL,'\0','',NULL,'2016-07-20 00:00:00',NULL,NULL,NULL,NULL,NULL),('acb39d47-8860-49a0-abc0-a21d016c2fff','1033','刘梅','刘梅',NULL,'\0',NULL,'18108697334',NULL,NULL,NULL,NULL,NULL,'5AB270C0-5D33-4203-A54F-4552699FDA3C','5B417E2B-4B96-4F37-8BAA-10E5A812D05E','2691AB91-3010-465F-8D92-60A97425A45E','23ED024E-0AAA-4C8D-9216-D1AB93348D26','\0',NULL,'\0','',NULL,'2016-07-20 00:00:00',NULL,NULL,NULL,NULL,NULL),('ae5bfedb-cfd3-4106-b50e-14abb5205929','1119','颜洪强','颜洪强',NULL,'',NULL,'18303968042',NULL,NULL,NULL,NULL,NULL,'5AB270C0-5D33-4203-A54F-4552699FDA3C','59703D6A-0EC9-4762-824F-A8D9E62E93D2','2691AB91-3010-465F-8D92-60A97425A45E','23ED024E-0AAA-4C8D-9216-D1AB93348D26','\0',NULL,'\0','',NULL,'2016-07-20 00:00:00',NULL,NULL,NULL,NULL,NULL),('b0529548-bbea-4aa6-8ed2-446033c4d90f','1038','沙海东','沙海东',NULL,'',NULL,'13903535089',NULL,NULL,NULL,NULL,NULL,'5AB270C0-5D33-4203-A54F-4552699FDA3C','5B417E2B-4B96-4F37-8BAA-10E5A812D05E','2691AB91-3010-465F-8D92-60A97425A45E','23ED024E-0AAA-4C8D-9216-D1AB93348D26','\0',NULL,'\0','',NULL,'2016-07-20 00:00:00',NULL,NULL,NULL,NULL,NULL),('b05535b3-0d4a-494d-8114-cad9e8e74133','1077','童立新','童立新',NULL,'',NULL,'18802610972',NULL,NULL,NULL,NULL,NULL,'5AB270C0-5D33-4203-A54F-4552699FDA3C','253EDA1F-F158-4F3F-A778-B7E538E052A2','2691AB91-3010-465F-8D92-60A97425A45E','23ED024E-0AAA-4C8D-9216-D1AB93348D26','\0',NULL,'\0','',NULL,'2016-07-20 00:00:00',NULL,NULL,NULL,NULL,NULL),('b26e59b9-2456-4038-b601-26e8a225e663','1012','陈艳华','陈艳华',NULL,'\0',NULL,'13105056538',NULL,NULL,NULL,NULL,NULL,'5AB270C0-5D33-4203-A54F-4552699FDA3C','80E10CD5-7591-40B8-A005-BCDE1B961E76','2691AB91-3010-465F-8D92-60A97425A45E','23ED024E-0AAA-4C8D-9216-D1AB93348D26','\0',NULL,'\0','',NULL,'2016-07-20 00:00:00',NULL,NULL,NULL,NULL,NULL),('b735ad6a-ba26-4cb8-84cf-07d0c38ac921','1055','周鹏','周鹏',NULL,'',NULL,'13104181058',NULL,NULL,NULL,NULL,NULL,'5AB270C0-5D33-4203-A54F-4552699FDA3C','F02A66CA-3D8B-491B-8A17-C9ACA3E3B5DD','2691AB91-3010-465F-8D92-60A97425A45E','23ED024E-0AAA-4C8D-9216-D1AB93348D26','\0',NULL,'\0','',NULL,'2016-07-20 00:00:00',NULL,NULL,NULL,NULL,NULL),('b7d73ca6-9c1c-478f-a1f0-9e02bae69872','1019','肖丽丽','肖丽丽',NULL,'\0',NULL,'18901406707',NULL,NULL,NULL,NULL,NULL,'5AB270C0-5D33-4203-A54F-4552699FDA3C','80E10CD5-7591-40B8-A005-BCDE1B961E76','2691AB91-3010-465F-8D92-60A97425A45E','23ED024E-0AAA-4C8D-9216-D1AB93348D26','\0',NULL,'\0','',NULL,'2016-07-20 00:00:00',NULL,NULL,NULL,NULL,NULL),('ba637dd7-7fd7-418b-a81f-238cc59adc76','1052','张雪莲','张雪莲',NULL,'\0',NULL,'15002060973',NULL,NULL,NULL,NULL,NULL,'5AB270C0-5D33-4203-A54F-4552699FDA3C','5B417E2B-4B96-4F37-8BAA-10E5A812D05E','2691AB91-3010-465F-8D92-60A97425A45E','23ED024E-0AAA-4C8D-9216-D1AB93348D26','\0',NULL,'\0','',NULL,'2016-07-20 00:00:00',NULL,NULL,NULL,NULL,NULL),('bbffd7f2-97d2-4bb4-a308-651171dbf6af','1076','孙琴芳','孙琴芳',NULL,'\0',NULL,'15107553881',NULL,NULL,NULL,NULL,NULL,'5AB270C0-5D33-4203-A54F-4552699FDA3C','253EDA1F-F158-4F3F-A778-B7E538E052A2','2691AB91-3010-465F-8D92-60A97425A45E','23ED024E-0AAA-4C8D-9216-D1AB93348D26','\0',NULL,'\0','',NULL,'2016-07-20 00:00:00',NULL,NULL,NULL,NULL,NULL),('bc670040-bfa0-4d42-8b68-e44912f7fd62','1100','朱慧蕙','朱慧蕙',NULL,'\0',NULL,'15303160971',NULL,NULL,NULL,NULL,NULL,'5AB270C0-5D33-4203-A54F-4552699FDA3C','253EDA1F-F158-4F3F-A778-B7E538E052A2','2691AB91-3010-465F-8D92-60A97425A45E','23ED024E-0AAA-4C8D-9216-D1AB93348D26','\0',NULL,'\0','',NULL,'2016-07-20 00:00:00',NULL,NULL,NULL,NULL,NULL),('c275ad72-c474-4807-864d-aba070e74789','1099','陈雯','陈雯',NULL,'',NULL,'18808093879',NULL,NULL,NULL,NULL,NULL,'5AB270C0-5D33-4203-A54F-4552699FDA3C','253EDA1F-F158-4F3F-A778-B7E538E052A2','2691AB91-3010-465F-8D92-60A97425A45E','23ED024E-0AAA-4C8D-9216-D1AB93348D26','\0',NULL,'\0','',NULL,'2016-07-20 00:00:00',NULL,NULL,NULL,NULL,NULL),('c7d6ee96-86b1-4336-b390-64a9a7bba3fe','1115','胡新红','胡新红',NULL,'\0',NULL,'18902684965',NULL,NULL,NULL,NULL,NULL,'5AB270C0-5D33-4203-A54F-4552699FDA3C','DFA2FB91-C909-44A3-9282-BF946102E1C9','2691AB91-3010-465F-8D92-60A97425A45E','23ED024E-0AAA-4C8D-9216-D1AB93348D26','\0',NULL,'\0','',NULL,'2016-07-20 00:00:00',NULL,NULL,NULL,NULL,NULL),('c8417c49-64de-4e86-9ff9-8d51261bdba9','1104','邱艳芬','邱艳芬',NULL,'\0',NULL,'18202990272',NULL,NULL,NULL,NULL,NULL,'5AB270C0-5D33-4203-A54F-4552699FDA3C','253EDA1F-F158-4F3F-A778-B7E538E052A2','2691AB91-3010-465F-8D92-60A97425A45E','23ED024E-0AAA-4C8D-9216-D1AB93348D26','\0',NULL,'\0','',NULL,'2016-07-20 00:00:00',NULL,NULL,NULL,NULL,NULL),('c8c1fa94-f14d-4ccf-bd67-ad97f787d375','1054','征磊','征磊',NULL,'',NULL,'13202687743',NULL,NULL,NULL,NULL,NULL,'5AB270C0-5D33-4203-A54F-4552699FDA3C','F02A66CA-3D8B-491B-8A17-C9ACA3E3B5DD','2691AB91-3010-465F-8D92-60A97425A45E','23ED024E-0AAA-4C8D-9216-D1AB93348D26','\0',NULL,'\0','',NULL,'2016-07-20 00:00:00',NULL,NULL,NULL,NULL,NULL),('ca40ef7c-88b0-46c9-910d-f9bfbc1d7968','1016','沈亚杰','沈亚杰',NULL,'',NULL,'13206006912',NULL,NULL,NULL,NULL,NULL,'5AB270C0-5D33-4203-A54F-4552699FDA3C','80E10CD5-7591-40B8-A005-BCDE1B961E76','2691AB91-3010-465F-8D92-60A97425A45E','23ED024E-0AAA-4C8D-9216-D1AB93348D26','\0',NULL,'\0','',NULL,'2016-07-20 00:00:00',NULL,NULL,NULL,NULL,NULL),('ca57fe20-926d-47b2-a3f2-664a5d1da7ce','1051','张军燕','张军燕',NULL,'',NULL,'18902945716',NULL,NULL,NULL,NULL,NULL,'5AB270C0-5D33-4203-A54F-4552699FDA3C','5B417E2B-4B96-4F37-8BAA-10E5A812D05E','2691AB91-3010-465F-8D92-60A97425A45E','23ED024E-0AAA-4C8D-9216-D1AB93348D26','\0',NULL,'\0','',NULL,'2016-07-20 00:00:00',NULL,NULL,NULL,NULL,NULL),('caf2caf9-3982-4c88-b29b-2a86b72dc325','1046','徐清','徐清',NULL,'',NULL,'13801662639',NULL,NULL,NULL,NULL,NULL,'5AB270C0-5D33-4203-A54F-4552699FDA3C','5B417E2B-4B96-4F37-8BAA-10E5A812D05E','2691AB91-3010-465F-8D92-60A97425A45E','23ED024E-0AAA-4C8D-9216-D1AB93348D26','\0',NULL,'\0','',NULL,'2016-07-20 00:00:00',NULL,NULL,NULL,NULL,NULL),('cbe6b2fb-7195-4d3a-86b6-ce2dc2d10eea','1059','宋艾清','宋艾清',NULL,'',NULL,'15901357333',NULL,NULL,NULL,NULL,NULL,'5AB270C0-5D33-4203-A54F-4552699FDA3C','554C61CE-6AE0-44EB-B33D-A462BE7EB3E1','2691AB91-3010-465F-8D92-60A97425A45E','23ED024E-0AAA-4C8D-9216-D1AB93348D26','\0',NULL,'\0','',NULL,'2016-07-20 00:00:00',NULL,NULL,NULL,NULL,NULL),('cc73f8a0-1f30-42a9-a52d-67fec237bf99','1098','张园园','张园园',NULL,'',NULL,'15105156788',NULL,NULL,NULL,NULL,NULL,'5AB270C0-5D33-4203-A54F-4552699FDA3C','253EDA1F-F158-4F3F-A778-B7E538E052A2','2691AB91-3010-465F-8D92-60A97425A45E','23ED024E-0AAA-4C8D-9216-D1AB93348D26','\0',NULL,'\0','',NULL,'2016-07-20 00:00:00',NULL,NULL,NULL,NULL,NULL),('cdf5ba74-9751-4808-8893-0100dd188197','1026','陈晓静','陈晓静',NULL,'\0',NULL,'13005626876',NULL,NULL,NULL,NULL,NULL,'5AB270C0-5D33-4203-A54F-4552699FDA3C','5B417E2B-4B96-4F37-8BAA-10E5A812D05E','2691AB91-3010-465F-8D92-60A97425A45E','23ED024E-0AAA-4C8D-9216-D1AB93348D26','\0',NULL,'\0','',NULL,'2016-07-20 00:00:00',NULL,NULL,NULL,NULL,NULL),('cf3af1b8-d2ce-4f2f-88f3-5838a77f83c7','1031','李海燕','李海燕',NULL,'\0',NULL,'13701644341',NULL,NULL,NULL,NULL,NULL,'5AB270C0-5D33-4203-A54F-4552699FDA3C','5B417E2B-4B96-4F37-8BAA-10E5A812D05E','2691AB91-3010-465F-8D92-60A97425A45E','23ED024E-0AAA-4C8D-9216-D1AB93348D26','\0',NULL,'\0','',NULL,'2016-07-20 00:00:00',NULL,NULL,NULL,NULL,NULL),('d2967e93-4d8b-43d9-b9cb-9cd4a76ad28e','1084','徐建平','徐建平',NULL,'',NULL,'18708627621',NULL,NULL,NULL,NULL,NULL,'5AB270C0-5D33-4203-A54F-4552699FDA3C','253EDA1F-F158-4F3F-A778-B7E538E052A2','2691AB91-3010-465F-8D92-60A97425A45E','23ED024E-0AAA-4C8D-9216-D1AB93348D26','\0',NULL,'\0','',NULL,'2016-07-20 00:00:00',NULL,NULL,NULL,NULL,NULL),('d2c6eb5d-1f49-4505-b9aa-82eaaed464e0','1102','时燕杰','时燕杰',NULL,'',NULL,'18901164253',NULL,NULL,NULL,NULL,NULL,'5AB270C0-5D33-4203-A54F-4552699FDA3C','253EDA1F-F158-4F3F-A778-B7E538E052A2','2691AB91-3010-465F-8D92-60A97425A45E','23ED024E-0AAA-4C8D-9216-D1AB93348D26','\0',NULL,'\0','',NULL,'2016-07-20 00:00:00',NULL,NULL,NULL,NULL,NULL),('d9bc1853-61aa-48c9-96a4-a8b1075a82ae','1024','邹丽丽','邹丽丽',NULL,'\0',NULL,'15607907660',NULL,NULL,NULL,NULL,NULL,'5AB270C0-5D33-4203-A54F-4552699FDA3C','5B417E2B-4B96-4F37-8BAA-10E5A812D05E','2691AB91-3010-465F-8D92-60A97425A45E','23ED024E-0AAA-4C8D-9216-D1AB93348D26','\0',NULL,'\0','',NULL,'2016-07-20 00:00:00',NULL,NULL,NULL,NULL,NULL),('da01cfbe-7094-4573-bf46-c895ba71a28b','1017','汤丽丽','汤丽丽',NULL,'\0',NULL,'18506055549',NULL,NULL,NULL,NULL,NULL,'5AB270C0-5D33-4203-A54F-4552699FDA3C','80E10CD5-7591-40B8-A005-BCDE1B961E76','2691AB91-3010-465F-8D92-60A97425A45E','23ED024E-0AAA-4C8D-9216-D1AB93348D26','\0',NULL,'\0','',NULL,'2016-07-20 00:00:00',NULL,NULL,NULL,NULL,NULL),('daaf6f40-a1a1-4cfd-ab82-8c7d0ed3bad7','1065','成殳璟','成殳璟',NULL,'',NULL,'18705587502',NULL,NULL,NULL,NULL,NULL,'5AB270C0-5D33-4203-A54F-4552699FDA3C','554C61CE-6AE0-44EB-B33D-A462BE7EB3E1','2691AB91-3010-465F-8D92-60A97425A45E','23ED024E-0AAA-4C8D-9216-D1AB93348D26','\0',NULL,'\0','',NULL,'2016-07-20 00:00:00',NULL,NULL,NULL,NULL,NULL),('dfb7c6c7-121f-4ec5-b1fe-b7e880c7c6cf','1124','周小燕','周小燕',NULL,'\0',NULL,'15605821054',NULL,NULL,NULL,NULL,NULL,'5AB270C0-5D33-4203-A54F-4552699FDA3C','59703D6A-0EC9-4762-824F-A8D9E62E93D2','2691AB91-3010-465F-8D92-60A97425A45E','23ED024E-0AAA-4C8D-9216-D1AB93348D26','\0',NULL,'\0','',NULL,'2016-07-20 00:00:00',NULL,NULL,NULL,NULL,NULL),('e0c34d25-ae43-46bc-b300-23c4fede6766','1069','江朝琴','江朝琴',NULL,'',NULL,'15906812843',NULL,NULL,NULL,NULL,NULL,'5AB270C0-5D33-4203-A54F-4552699FDA3C','BD830AEF-0A2E-4228-ACF8-8843C39D41D8','2691AB91-3010-465F-8D92-60A97425A45E','23ED024E-0AAA-4C8D-9216-D1AB93348D26','\0',NULL,'\0','',NULL,'2016-07-20 00:00:00',NULL,NULL,NULL,NULL,NULL),('e1674f45-4aed-44b8-83d4-fb5373f8ee69','1064','陈小春','陈小春',NULL,'',NULL,'18704085088',NULL,NULL,NULL,NULL,NULL,'5AB270C0-5D33-4203-A54F-4552699FDA3C','554C61CE-6AE0-44EB-B33D-A462BE7EB3E1','2691AB91-3010-465F-8D92-60A97425A45E','23ED024E-0AAA-4C8D-9216-D1AB93348D26','\0',NULL,'\0','',NULL,'2016-07-20 00:00:00',NULL,NULL,NULL,NULL,NULL),('e2d42aae-d246-4495-b495-5fc1f7d778e9','1088','袁洁','袁洁',NULL,'',NULL,'18703181310',NULL,NULL,NULL,NULL,NULL,'5AB270C0-5D33-4203-A54F-4552699FDA3C','253EDA1F-F158-4F3F-A778-B7E538E052A2','2691AB91-3010-465F-8D92-60A97425A45E','23ED024E-0AAA-4C8D-9216-D1AB93348D26','\0',NULL,'\0','',NULL,'2016-07-20 00:00:00',NULL,NULL,NULL,NULL,NULL),('e371171e-ee64-4fea-9f5d-4e90f4e668cc','1066','杜春香','杜春香',NULL,'',NULL,'13804702759',NULL,NULL,NULL,NULL,NULL,'5AB270C0-5D33-4203-A54F-4552699FDA3C','554C61CE-6AE0-44EB-B33D-A462BE7EB3E1','2691AB91-3010-465F-8D92-60A97425A45E','23ED024E-0AAA-4C8D-9216-D1AB93348D26','\0',NULL,'\0','',NULL,'2016-07-20 00:00:00',NULL,NULL,NULL,NULL,NULL),('e7facbde-fe78-494b-be09-16931b646a79','1089','张雪蕾','张雪蕾',NULL,'\0',NULL,'15606127501',NULL,NULL,NULL,NULL,NULL,'5AB270C0-5D33-4203-A54F-4552699FDA3C','253EDA1F-F158-4F3F-A778-B7E538E052A2','2691AB91-3010-465F-8D92-60A97425A45E','23ED024E-0AAA-4C8D-9216-D1AB93348D26','\0',NULL,'\0','',NULL,'2016-07-20 00:00:00',NULL,NULL,NULL,NULL,NULL),('e9dc99ca-b015-47ba-a00e-62d1f98bdb1a','1049','杨俊','杨俊',NULL,'',NULL,'17707830889',NULL,NULL,NULL,NULL,NULL,'5AB270C0-5D33-4203-A54F-4552699FDA3C','5B417E2B-4B96-4F37-8BAA-10E5A812D05E','2691AB91-3010-465F-8D92-60A97425A45E','23ED024E-0AAA-4C8D-9216-D1AB93348D26','\0',NULL,'\0','',NULL,'2016-07-20 00:00:00',NULL,NULL,NULL,NULL,NULL),('eb3c5b7a-b2a2-4791-b492-28b06d5870c5','1105','张海峰','张海峰',NULL,'',NULL,'15905936462',NULL,NULL,NULL,NULL,NULL,'5AB270C0-5D33-4203-A54F-4552699FDA3C','253EDA1F-F158-4F3F-A778-B7E538E052A2','2691AB91-3010-465F-8D92-60A97425A45E','23ED024E-0AAA-4C8D-9216-D1AB93348D26','\0',NULL,'\0','',NULL,'2016-07-20 00:00:00',NULL,NULL,NULL,NULL,NULL),('eb7f826d-b8da-4bb0-baa0-a73c2bfe630f','1117','茅建安','茅建安',NULL,'',NULL,'13402142925',NULL,NULL,NULL,NULL,NULL,'5AB270C0-5D33-4203-A54F-4552699FDA3C','59703D6A-0EC9-4762-824F-A8D9E62E93D2','2691AB91-3010-465F-8D92-60A97425A45E','23ED024E-0AAA-4C8D-9216-D1AB93348D26','\0',NULL,'\0','',NULL,'2016-07-20 00:00:00',NULL,NULL,NULL,NULL,NULL),('f13a47e1-8490-419c-b117-291691b07175','1120','杨素华','杨素华',NULL,'',NULL,'13106915134',NULL,NULL,NULL,NULL,NULL,'5AB270C0-5D33-4203-A54F-4552699FDA3C','59703D6A-0EC9-4762-824F-A8D9E62E93D2','2691AB91-3010-465F-8D92-60A97425A45E','23ED024E-0AAA-4C8D-9216-D1AB93348D26','\0',NULL,'\0','',NULL,'2016-07-20 00:00:00',NULL,NULL,NULL,NULL,NULL),('f13edee1-43b5-4cac-930f-f7350ec1a473','1040','孙永萍','孙永萍',NULL,'\0',NULL,'13104152760',NULL,NULL,NULL,NULL,NULL,'5AB270C0-5D33-4203-A54F-4552699FDA3C','5B417E2B-4B96-4F37-8BAA-10E5A812D05E','2691AB91-3010-465F-8D92-60A97425A45E','23ED024E-0AAA-4C8D-9216-D1AB93348D26','\0',NULL,'\0','',NULL,'2016-07-20 00:00:00',NULL,NULL,NULL,NULL,NULL),('f2adf10a-cb2c-417a-a1c5-d4c9c57fc5ef','1050','尤正岗','尤正岗',NULL,'',NULL,'18901453303',NULL,NULL,NULL,NULL,NULL,'5AB270C0-5D33-4203-A54F-4552699FDA3C','5B417E2B-4B96-4F37-8BAA-10E5A812D05E','2691AB91-3010-465F-8D92-60A97425A45E','23ED024E-0AAA-4C8D-9216-D1AB93348D26','\0',NULL,'\0','',NULL,'2016-07-20 00:00:00',NULL,NULL,NULL,NULL,NULL),('f2c898a7-c2b4-492f-8a32-dedcd6aa3ba6','1094','朱如兄','朱如兄',NULL,'',NULL,'15601260223',NULL,NULL,NULL,NULL,NULL,'5AB270C0-5D33-4203-A54F-4552699FDA3C','253EDA1F-F158-4F3F-A778-B7E538E052A2','2691AB91-3010-465F-8D92-60A97425A45E','23ED024E-0AAA-4C8D-9216-D1AB93348D26','\0',NULL,'\0','',NULL,'2016-07-20 00:00:00',NULL,NULL,NULL,NULL,NULL),('f5229355-4943-4de7-a6c0-113b85b7d551','1095','朱永慧','朱永慧',NULL,'',NULL,'15004206414',NULL,NULL,NULL,NULL,NULL,'5AB270C0-5D33-4203-A54F-4552699FDA3C','253EDA1F-F158-4F3F-A778-B7E538E052A2','2691AB91-3010-465F-8D92-60A97425A45E','23ED024E-0AAA-4C8D-9216-D1AB93348D26','\0',NULL,'\0','',NULL,'2016-07-20 00:00:00',NULL,NULL,NULL,NULL,NULL),('f5c9d584-e4d6-4c28-a145-bf98a08c80f0','1061','鲍殷隽','鲍殷隽',NULL,'',NULL,'18001975004',NULL,NULL,NULL,NULL,NULL,'5AB270C0-5D33-4203-A54F-4552699FDA3C','554C61CE-6AE0-44EB-B33D-A462BE7EB3E1','2691AB91-3010-465F-8D92-60A97425A45E','23ED024E-0AAA-4C8D-9216-D1AB93348D26','\0',NULL,'\0','',NULL,'2016-07-20 00:00:00',NULL,NULL,NULL,NULL,NULL),('f8eee1bb-f520-4ee9-b4f7-036fde68b3a2','1090','周海红','周海红',NULL,'\0',NULL,'17605252758',NULL,NULL,NULL,NULL,NULL,'5AB270C0-5D33-4203-A54F-4552699FDA3C','253EDA1F-F158-4F3F-A778-B7E538E052A2','2691AB91-3010-465F-8D92-60A97425A45E','23ED024E-0AAA-4C8D-9216-D1AB93348D26','\0',NULL,'\0','',NULL,'2016-07-20 00:00:00',NULL,NULL,NULL,NULL,NULL);

/*Table structure for table `sys_userlogon` */

DROP TABLE IF EXISTS `sys_userlogon`;

CREATE TABLE `sys_userlogon` (
  `F_Id` varchar(50) NOT NULL,
  `F_UserId` varchar(50) DEFAULT NULL,
  `F_UserPassword` varchar(50) DEFAULT NULL,
  `F_UserSecretkey` varchar(50) DEFAULT NULL,
  `F_AllowStartTime` datetime DEFAULT NULL,
  `F_AllowEndTime` datetime DEFAULT NULL,
  `F_LockStartDate` datetime DEFAULT NULL,
  `F_LockEndDate` datetime DEFAULT NULL,
  `F_FirstVisitTime` datetime DEFAULT NULL,
  `F_PreviousVisitTime` datetime DEFAULT NULL,
  `F_LastVisitTime` datetime DEFAULT NULL,
  `F_ChangePasswordDate` datetime DEFAULT NULL,
  `F_MultiUserLogin` bit(1) DEFAULT NULL,
  `F_LogOnCount` int(10) DEFAULT NULL,
  `F_UserOnLine` bit(1) DEFAULT NULL,
  `F_Question` varchar(50) DEFAULT NULL,
  `F_AnswerQuestion` varchar(500) DEFAULT NULL,
  `F_CheckIPAddress` bit(1) DEFAULT NULL,
  `F_Language` varchar(50) DEFAULT NULL,
  `F_Theme` varchar(50) DEFAULT NULL,
  PRIMARY KEY (`F_Id`),
  UNIQUE KEY `PK_SYS_USERLOGON` (`F_Id`)
) ENGINE=InnoDB DEFAULT CHARSET=utf8;

/*Data for the table `sys_userlogon` */

insert  into `sys_userlogon`(`F_Id`,`F_UserId`,`F_UserPassword`,`F_UserSecretkey`,`F_AllowStartTime`,`F_AllowEndTime`,`F_LockStartDate`,`F_LockEndDate`,`F_FirstVisitTime`,`F_PreviousVisitTime`,`F_LastVisitTime`,`F_ChangePasswordDate`,`F_MultiUserLogin`,`F_LogOnCount`,`F_UserOnLine`,`F_Question`,`F_AnswerQuestion`,`F_CheckIPAddress`,`F_Language`,`F_Theme`) values ('0090a476-68eb-4b79-ac6c-8fd3c0ff6c89','0090a476-68eb-4b79-ac6c-8fd3c0ff6c89','e3798df355f401d8857fcfcfaa0d4143','ae12fea3ae77e517',NULL,NULL,NULL,NULL,NULL,NULL,NULL,NULL,NULL,NULL,NULL,NULL,NULL,NULL,NULL,NULL),('01baaf0a-f83f-4af3-9b39-e66538844e66','01baaf0a-f83f-4af3-9b39-e66538844e66','2394939ac544133129e58af1f57f7c6c','7db80cdcc34e24b7',NULL,NULL,NULL,NULL,NULL,NULL,NULL,NULL,NULL,NULL,NULL,NULL,NULL,NULL,NULL,NULL),('06484cd2-d16f-4038-ae91-7431b126930d','06484cd2-d16f-4038-ae91-7431b126930d','c177c5ffe23485e0b7615e8f59ab0ba5','85632081fca56d83',NULL,NULL,NULL,NULL,NULL,NULL,NULL,NULL,NULL,NULL,NULL,NULL,NULL,NULL,NULL,NULL),('07491670-be4a-4bb3-8a12-c8a0ce3c52cd','07491670-be4a-4bb3-8a12-c8a0ce3c52cd','867f4f6817e85b304ba97cb55247aa06','df3add4ceb7bab18',NULL,NULL,NULL,NULL,NULL,NULL,NULL,NULL,NULL,NULL,NULL,NULL,NULL,NULL,NULL,NULL),('0c642247-ebad-4976-ab06-3c7e78e6ad12','0c642247-ebad-4976-ab06-3c7e78e6ad12','0001e94073a9318413b6cd4bcb7ad248','3ad87f3c21e389c4',NULL,NULL,NULL,NULL,NULL,NULL,NULL,NULL,NULL,NULL,NULL,NULL,NULL,NULL,NULL,NULL),('0d507044-468b-4a84-b4b7-306f093f9d88','0d507044-468b-4a84-b4b7-306f093f9d88','549602587e6da4f7684251606e7b94a1','68fc0f6c400ef508',NULL,NULL,NULL,NULL,NULL,NULL,NULL,NULL,NULL,NULL,NULL,NULL,NULL,NULL,NULL,NULL),('0d796336-aefe-4012-8294-89a54dce6b62','0d796336-aefe-4012-8294-89a54dce6b62','094b46078f34e7a4371c059a447f0fe4','9535de072ca868aa',NULL,NULL,NULL,NULL,NULL,NULL,NULL,NULL,NULL,NULL,NULL,NULL,NULL,NULL,NULL,NULL),('0e1ab5fb-93db-4f69-9d79-efaf3bb52129','0e1ab5fb-93db-4f69-9d79-efaf3bb52129','a55c951c7471dcfe20d9b2f2d655ed16','9c12b323030fe547',NULL,NULL,NULL,NULL,NULL,NULL,NULL,NULL,NULL,NULL,NULL,NULL,NULL,NULL,NULL,NULL),('0f0ff3de-688c-4370-8a79-15637ed3b20c','0f0ff3de-688c-4370-8a79-15637ed3b20c','5327a7b8df3bb3f867b2452093686208','cdeb1bcfc08d7793',NULL,NULL,NULL,NULL,NULL,NULL,NULL,NULL,NULL,NULL,NULL,NULL,NULL,NULL,NULL,NULL),('0fbec5e1-f57d-4cc3-a184-adb97949b2a0','0fbec5e1-f57d-4cc3-a184-adb97949b2a0','caa894eac9dd9152892a00a01383e50b','51e3b7485fc38dc3',NULL,NULL,NULL,NULL,NULL,NULL,NULL,NULL,NULL,NULL,NULL,NULL,NULL,NULL,NULL,NULL),('100e3013-2882-45ae-a7fa-b826e51ba65e','100e3013-2882-45ae-a7fa-b826e51ba65e','66cb1f7a9e2f51dc2f64f5cc54104372','ebaa281db502394a',NULL,NULL,NULL,NULL,NULL,NULL,NULL,NULL,NULL,NULL,NULL,NULL,NULL,NULL,NULL,NULL),('11c4a1c2-daec-439c-9ea0-fc2d5630c4cd','11c4a1c2-daec-439c-9ea0-fc2d5630c4cd','81a0837dd73dcf4d94aebab5ff14b58a','3ecde57b16c010c6',NULL,NULL,NULL,NULL,NULL,NULL,NULL,NULL,NULL,NULL,NULL,NULL,NULL,NULL,NULL,NULL),('122b1e73-548d-429c-aa33-3e73635a7f44','122b1e73-548d-429c-aa33-3e73635a7f44','ce42f8b0479edf0d035bfebd8711b506','75fc5ce76611f53f',NULL,NULL,NULL,NULL,NULL,NULL,NULL,NULL,NULL,NULL,NULL,NULL,NULL,NULL,NULL,NULL),('13f9bb09-6db1-4932-acdd-36cfc39ce1a3','13f9bb09-6db1-4932-acdd-36cfc39ce1a3','32888331dd4b600207fe8643898f56a1','df4c2b0291d80edf',NULL,NULL,NULL,NULL,NULL,NULL,NULL,NULL,NULL,NULL,NULL,NULL,NULL,NULL,NULL,NULL),('158fa76f-1d82-4a38-a4e2-624239355b4d','158fa76f-1d82-4a38-a4e2-624239355b4d','d35cb340b74070c6b66616da68ade924','6d1319bd4e9af5cb',NULL,NULL,NULL,NULL,NULL,NULL,NULL,NULL,NULL,NULL,NULL,NULL,NULL,NULL,NULL,NULL),('16c9ed0a-4eb8-49e0-b287-a7115c2066d6','16c9ed0a-4eb8-49e0-b287-a7115c2066d6','f08d7715c7bd72c008462367de2f6597','a013e077c090743a',NULL,NULL,NULL,NULL,NULL,NULL,NULL,NULL,NULL,NULL,NULL,NULL,NULL,NULL,NULL,NULL),('1c6fb8ad-cc89-414d-835d-1b5be789493d','1c6fb8ad-cc89-414d-835d-1b5be789493d','216c2cd5281b34c2a7f20b2322958f3d','c851b97c830d9e6e',NULL,NULL,NULL,NULL,NULL,NULL,NULL,NULL,NULL,NULL,NULL,NULL,NULL,NULL,NULL,NULL),('1db3b68b-ea00-42ad-b496-d77acd7cab90','1db3b68b-ea00-42ad-b496-d77acd7cab90','7770516035a6691ad37eb67826bef482','4c203f29b3558950',NULL,NULL,NULL,NULL,NULL,NULL,NULL,NULL,NULL,NULL,NULL,NULL,NULL,NULL,NULL,NULL),('1ddf560b-c18e-48d4-b132-f90eb7475741','1ddf560b-c18e-48d4-b132-f90eb7475741','bb4c94e966b72b6e579d146daaf70200','453cc3b4dfbeefb8',NULL,NULL,NULL,NULL,NULL,NULL,NULL,NULL,NULL,NULL,NULL,NULL,NULL,NULL,NULL,NULL),('200cab1a-30df-4cdf-a9a5-258b882a23e7','200cab1a-30df-4cdf-a9a5-258b882a23e7','ab09b8c4361001755d72a6e241fd86be','befa401790768013',NULL,NULL,NULL,NULL,NULL,NULL,NULL,NULL,NULL,NULL,NULL,NULL,NULL,NULL,NULL,NULL),('2016da68-e116-43d8-9d06-6ea19c559220','2016da68-e116-43d8-9d06-6ea19c559220','392353351d15bf97debcd94d0e2a5141','6ea5646db7ef0060',NULL,NULL,NULL,NULL,NULL,NULL,NULL,NULL,NULL,NULL,NULL,NULL,NULL,NULL,NULL,NULL),('2365e142-9fc9-4837-9be4-5587a07a735f','2365e142-9fc9-4837-9be4-5587a07a735f','1a4e503a0aa5057d8d7b0d72d18dcb9a','b141d6cbdd446b58',NULL,NULL,NULL,NULL,NULL,NULL,NULL,NULL,NULL,NULL,NULL,NULL,NULL,NULL,NULL,NULL),('24a54791-44fb-4fea-95a9-2ba21cf0d3a0','24a54791-44fb-4fea-95a9-2ba21cf0d3a0','56744f15950d0e3d8bbfd11d8a49928a','7eba983a2793541c',NULL,NULL,NULL,NULL,NULL,NULL,NULL,NULL,NULL,NULL,NULL,NULL,NULL,NULL,NULL,NULL),('264e11ac-97c8-468c-a6e0-7e74a8c94b5b','264e11ac-97c8-468c-a6e0-7e74a8c94b5b','3151169940ea27042b74f31ee5bfceeb','15875074967bc6fc',NULL,NULL,NULL,NULL,NULL,NULL,NULL,NULL,NULL,NULL,NULL,NULL,NULL,NULL,NULL,NULL),('2664b7a9-6a45-40a2-85e0-ea27887b74bb','2664b7a9-6a45-40a2-85e0-ea27887b74bb','483bcc658d87898656bcca76ac4de7c0','11e4becdd232e389',NULL,NULL,NULL,NULL,NULL,NULL,NULL,NULL,NULL,NULL,NULL,NULL,NULL,NULL,NULL,NULL),('29acefc8-ce05-4369-81ea-f9e998d1fa02','29acefc8-ce05-4369-81ea-f9e998d1fa02','ce47dc5526197502c204b60e441af311','b98d98670c17766a',NULL,NULL,NULL,NULL,NULL,NULL,NULL,NULL,NULL,NULL,NULL,NULL,NULL,NULL,NULL,NULL),('2b33a324-5548-4d29-9030-d788f7c257fb','2b33a324-5548-4d29-9030-d788f7c257fb','c287f8ef6399b48c2f43e3eee7518d3c','4dbd25f69a0884bb',NULL,NULL,NULL,NULL,NULL,NULL,NULL,NULL,NULL,NULL,NULL,NULL,NULL,NULL,NULL,NULL),('2fd34599-042a-4caf-a98b-bd227ab6be0f','2fd34599-042a-4caf-a98b-bd227ab6be0f','1afba5511b4160674d46c11d033260d3','e4e931d0634b287b',NULL,NULL,NULL,NULL,NULL,NULL,NULL,NULL,NULL,NULL,NULL,NULL,NULL,NULL,NULL,NULL),('300f8d40-ad2d-4f43-9fd4-937acc8029ed','300f8d40-ad2d-4f43-9fd4-937acc8029ed','088274e4f00868ad16097e9d16b42fd2','42ed8ef6f894da42',NULL,NULL,NULL,NULL,NULL,NULL,NULL,NULL,NULL,NULL,NULL,NULL,NULL,NULL,NULL,NULL),('318ba1e7-f4fa-4d88-869c-aa6e4f8c961c','318ba1e7-f4fa-4d88-869c-aa6e4f8c961c','a3733001efd792618efc40a9704324ba','53fa1546ee62e5c3',NULL,NULL,NULL,NULL,NULL,NULL,NULL,NULL,NULL,NULL,NULL,NULL,NULL,NULL,NULL,NULL),('32585483-5534-4690-bc20-1b509e737f9c','32585483-5534-4690-bc20-1b509e737f9c','67dfffb091a188c07c84fe674617272a','f97168084920407b',NULL,NULL,NULL,NULL,NULL,NULL,NULL,NULL,NULL,NULL,NULL,NULL,NULL,NULL,NULL,NULL),('38c9c1e6-7b89-4aed-b782-4cbf082a4b72','38c9c1e6-7b89-4aed-b782-4cbf082a4b72','937d91e587120dd071051541cdaad711','22a6e8e5d2c06c7b',NULL,NULL,NULL,NULL,NULL,NULL,NULL,NULL,NULL,NULL,NULL,NULL,NULL,NULL,NULL,NULL),('395d6e38-0e60-4256-b1cc-072c83adec6c','395d6e38-0e60-4256-b1cc-072c83adec6c','4a74bdfff1ca70780eaac2a411f97802','736f1be1c2d1e6b5',NULL,NULL,NULL,NULL,NULL,NULL,NULL,NULL,NULL,NULL,NULL,NULL,NULL,NULL,NULL,NULL),('3b3dfd02-4940-4125-b4de-c42f94626872','3b3dfd02-4940-4125-b4de-c42f94626872','2aa69a77fecd987be85c26c9fafe0c6b','2a0887eef4b39d88',NULL,NULL,NULL,NULL,NULL,NULL,NULL,NULL,NULL,NULL,NULL,NULL,NULL,NULL,NULL,NULL),('3bc596ca-1ffc-4cb7-9c26-6ab3afb8256b','3bc596ca-1ffc-4cb7-9c26-6ab3afb8256b','698d322885cc04c67a988df366a88f23','74f0f2a713b6de55',NULL,NULL,NULL,NULL,NULL,NULL,NULL,NULL,NULL,NULL,NULL,NULL,NULL,NULL,NULL,NULL),('3ed28896-e246-4301-908f-2dfbcf92b33b','3ed28896-e246-4301-908f-2dfbcf92b33b','f3013370472e618f026ae3bd4dd9bc95','89948d57372b8a89',NULL,NULL,NULL,NULL,NULL,NULL,NULL,NULL,NULL,NULL,NULL,NULL,NULL,NULL,NULL,NULL),('40075d85-1b80-4da3-b061-76b7b1edb16e','40075d85-1b80-4da3-b061-76b7b1edb16e','82f0075e56cdf22042dfec1ba4ae2b99','42dc0f5d1e6618b4',NULL,NULL,NULL,NULL,NULL,NULL,NULL,NULL,NULL,NULL,NULL,NULL,NULL,NULL,NULL,NULL),('45951653-bd26-482f-a1b5-4ac6c8b7be7b','45951653-bd26-482f-a1b5-4ac6c8b7be7b','ee19419ba7b7cf7d6cccdb51c73696d5','65c9a176b1da85cf',NULL,NULL,NULL,NULL,NULL,NULL,NULL,NULL,NULL,NULL,NULL,NULL,NULL,NULL,NULL,NULL),('47a95b17-ff8b-46f9-99a4-02a7e6a53550','47a95b17-ff8b-46f9-99a4-02a7e6a53550','b371ec65231994578825f527e008598a','c8f011c890e89304',NULL,NULL,NULL,NULL,NULL,NULL,NULL,NULL,NULL,NULL,NULL,NULL,NULL,NULL,NULL,NULL),('4c1220cd-edc1-4cee-a5dc-44f876389a2c','4c1220cd-edc1-4cee-a5dc-44f876389a2c','e1165e9915ed4ebede4fe0849048d83c','a1f6482cdabb689c',NULL,NULL,NULL,NULL,NULL,NULL,NULL,NULL,NULL,NULL,NULL,NULL,NULL,NULL,NULL,NULL),('4c8909b9-3ddb-4855-baa4-82edc2e3a5c1','4c8909b9-3ddb-4855-baa4-82edc2e3a5c1','c48e809b05f2114e819de8d845b08b65','470ff07e581fc520',NULL,NULL,NULL,NULL,NULL,NULL,NULL,NULL,NULL,NULL,NULL,NULL,NULL,NULL,NULL,NULL),('4eee745e-97eb-470f-9372-605ded7f5917','4eee745e-97eb-470f-9372-605ded7f5917','22ef253591009132347a488f1fac49fa','56ffcdda5d92f3b6',NULL,NULL,NULL,NULL,NULL,NULL,NULL,NULL,NULL,NULL,NULL,NULL,NULL,NULL,NULL,NULL),('50eab71b-bf70-4037-9a57-8fdff44cffe3','50eab71b-bf70-4037-9a57-8fdff44cffe3','cfff74f22ba846dc47db33be123e6a2d','fb58d08dbf0a850b',NULL,NULL,NULL,NULL,NULL,NULL,NULL,NULL,NULL,NULL,NULL,NULL,NULL,NULL,NULL,NULL),('547be453-cbdc-44d1-a6e5-9852cb044e4a','547be453-cbdc-44d1-a6e5-9852cb044e4a','a54afef35295713a856a536fed416802','a69007a0d0908f26',NULL,NULL,NULL,NULL,NULL,NULL,NULL,NULL,NULL,NULL,NULL,NULL,NULL,NULL,NULL,NULL),('549bc2c1-c791-45c1-9746-93c871078a03','549bc2c1-c791-45c1-9746-93c871078a03','107f3dddd3d04786432ae537d8e11ba4','2b13936329567b4a',NULL,NULL,NULL,NULL,NULL,NULL,NULL,NULL,NULL,NULL,NULL,NULL,NULL,NULL,NULL,NULL),('55fc76db-6557-4711-9032-293886633830','55fc76db-6557-4711-9032-293886633830','f9bb6f82af9eaca1f9586a63a0401ee7','7e1868515e006572',NULL,NULL,NULL,NULL,NULL,NULL,NULL,NULL,NULL,NULL,NULL,NULL,NULL,NULL,NULL,NULL),('596bd87a-ec5a-46e9-bd95-78392e41d6b1','596bd87a-ec5a-46e9-bd95-78392e41d6b1','e1345ec97380b2c8df7e39346b468872','145cca43b48cb82a',NULL,NULL,NULL,NULL,NULL,NULL,NULL,NULL,NULL,NULL,NULL,NULL,NULL,NULL,NULL,NULL),('5f1cb307-761f-4c27-bfb3-5571038e87d2','5f1cb307-761f-4c27-bfb3-5571038e87d2','08cc9554f85705470a4c7b207a65864d','98c320aa480c303a',NULL,NULL,NULL,NULL,NULL,NULL,NULL,NULL,NULL,NULL,NULL,NULL,NULL,NULL,NULL,NULL),('5fbacb42-35a0-43e2-8912-4754cbd84528','5fbacb42-35a0-43e2-8912-4754cbd84528','76da5f748bc7322c847bc0b03e474e11','65589473d7594631',NULL,NULL,NULL,NULL,NULL,NULL,NULL,NULL,NULL,NULL,NULL,NULL,NULL,NULL,NULL,NULL),('6903ab9d-20cd-44c4-a380-09f229366e1f','6903ab9d-20cd-44c4-a380-09f229366e1f','403ffebb404e8c30c57747baaa522902','95aa29b12cf25d9a',NULL,NULL,NULL,NULL,NULL,'2016-07-26 13:59:26','2016-07-27 17:33:19',NULL,NULL,7,NULL,NULL,NULL,NULL,NULL,NULL),('69b52c4a-5bf5-4045-a97e-85c47e583e36','69b52c4a-5bf5-4045-a97e-85c47e583e36','80b314fdffc3bd6ab5d563fb10fe5215','7992c14ad807602a',NULL,NULL,NULL,NULL,NULL,NULL,NULL,NULL,NULL,NULL,NULL,NULL,NULL,NULL,NULL,NULL),('6a1e3bb6-49c2-4d64-becc-e5644678178f','6a1e3bb6-49c2-4d64-becc-e5644678178f','af7e099dafe8613bd71d2caf69eed80b','1013e016334d869b',NULL,NULL,NULL,NULL,NULL,NULL,NULL,NULL,NULL,NULL,NULL,NULL,NULL,NULL,NULL,NULL),('6b07511c-cbf8-408c-9090-bf487814d562','6b07511c-cbf8-408c-9090-bf487814d562','6bc8a245865534c5470ae74ddb2a8db3','5e1eb614bbb40f8f',NULL,NULL,NULL,NULL,NULL,NULL,NULL,NULL,NULL,NULL,NULL,NULL,NULL,NULL,NULL,NULL),('6b786b65-206d-44bd-b1b5-df49ebbb1bea','6b786b65-206d-44bd-b1b5-df49ebbb1bea','e7efc014815d20b581b5fd75856555d7','2628e01415628d77',NULL,NULL,NULL,NULL,NULL,NULL,NULL,NULL,NULL,NULL,NULL,NULL,NULL,NULL,NULL,NULL),('6c19b537-f44d-4612-b9b0-647cf8672bce','6c19b537-f44d-4612-b9b0-647cf8672bce','1956541185e787fa0168e1113b9ee9b9','1e4c4ce01eb7d910',NULL,NULL,NULL,NULL,NULL,NULL,NULL,NULL,NULL,NULL,NULL,NULL,NULL,NULL,NULL,NULL),('6f533c8b-8d8b-4ea9-aa66-603c67a8120a','6f533c8b-8d8b-4ea9-aa66-603c67a8120a','7991e4a2d47c7a9fca67a428a007df87','98efe2ea0e8d0a37',NULL,NULL,NULL,NULL,NULL,NULL,NULL,NULL,NULL,NULL,NULL,NULL,NULL,NULL,NULL,NULL),('702ea347-099f-4afd-a7a2-11091418fc50','702ea347-099f-4afd-a7a2-11091418fc50','d4044090ed28fe24b57eaf07c4e9d520','87c0dfb371059817',NULL,NULL,NULL,NULL,NULL,NULL,NULL,NULL,NULL,NULL,NULL,NULL,NULL,NULL,NULL,NULL),('75b2c660-c5f8-41f7-980c-d979e8ec9eaa','75b2c660-c5f8-41f7-980c-d979e8ec9eaa','4d1be6370a2ea7f093056e69ab3a83c3','d38c267eade238e8',NULL,NULL,NULL,NULL,NULL,NULL,NULL,NULL,NULL,NULL,NULL,NULL,NULL,NULL,NULL,NULL),('763d5744-89ae-4497-ba19-79dba081646f','763d5744-89ae-4497-ba19-79dba081646f','f61249d0c25fbfce9872611a9c4d426c','1c8aa2c9462416f9',NULL,NULL,NULL,NULL,NULL,NULL,NULL,NULL,NULL,NULL,NULL,NULL,NULL,NULL,NULL,NULL),('79756b91-ea5b-4d28-9b46-dd192bb67895','79756b91-ea5b-4d28-9b46-dd192bb67895','24fcdc7667ab1053c6630ff6956cd49f','2c1a584d6a031216',NULL,NULL,NULL,NULL,NULL,NULL,NULL,NULL,NULL,NULL,NULL,NULL,NULL,NULL,NULL,NULL),('812a57a4-5a53-4a52-9eb1-70b6f45ec4a5','812a57a4-5a53-4a52-9eb1-70b6f45ec4a5','0dc162a500df717b921a72ae28f49b64','9d8816b6c7af1506',NULL,NULL,NULL,NULL,NULL,NULL,NULL,NULL,NULL,NULL,NULL,NULL,NULL,NULL,NULL,NULL),('833333a5-7020-4912-929f-10439423fe44','833333a5-7020-4912-929f-10439423fe44','1667fe168a587d025bbd2fe4ace30c4b','fcc50440bc46d307',NULL,NULL,NULL,NULL,NULL,NULL,NULL,NULL,NULL,NULL,NULL,NULL,NULL,NULL,NULL,NULL),('833ad021-6ccc-4db0-8017-5021f5327260','833ad021-6ccc-4db0-8017-5021f5327260','d5bb347f6d9e2878afd8aeea15c55b8a','037f37856f2b1ee2',NULL,NULL,NULL,NULL,NULL,NULL,NULL,NULL,NULL,NULL,NULL,NULL,NULL,NULL,NULL,NULL),('8b269fcf-9f22-4d32-a269-cabdac469749','8b269fcf-9f22-4d32-a269-cabdac469749','4f5ec1786ea5507c183f9f4819d0e335','9f7e199fdcadbead',NULL,NULL,NULL,NULL,NULL,NULL,NULL,NULL,NULL,NULL,NULL,NULL,NULL,NULL,NULL,NULL),('90794d73-bfa8-4afe-b352-a2be0ec2065d','90794d73-bfa8-4afe-b352-a2be0ec2065d','c89947eca26ea7d0f74c2640e26ade88','1b8c0873c178c3ea',NULL,NULL,NULL,NULL,NULL,NULL,NULL,NULL,NULL,NULL,NULL,NULL,NULL,NULL,NULL,NULL),('9428af0b-bc25-429d-a646-ef54275191f3','9428af0b-bc25-429d-a646-ef54275191f3','d1e1fa23b2788077180e85a9b1962d28','752854682fb3fd72',NULL,NULL,NULL,NULL,NULL,NULL,NULL,NULL,NULL,NULL,NULL,NULL,NULL,NULL,NULL,NULL),('9453d365-cbb8-446e-94c2-3d468a0ccfd8','9453d365-cbb8-446e-94c2-3d468a0ccfd8','8c9af1fd0b2a1301c046865a4cceb430','b127575602b8b44c',NULL,NULL,NULL,NULL,NULL,NULL,NULL,NULL,NULL,NULL,NULL,NULL,NULL,NULL,NULL,NULL),('965058ec-138a-4343-8b9b-4936bf2a271a','965058ec-138a-4343-8b9b-4936bf2a271a','1dc9aa3eacc09fe0e28f6c44625b983c','acde5b2b37d2c57f',NULL,NULL,NULL,NULL,NULL,NULL,NULL,NULL,NULL,NULL,NULL,NULL,NULL,NULL,NULL,NULL),('97884662-b0e8-4870-ae53-492aa8829fbf','97884662-b0e8-4870-ae53-492aa8829fbf','e090421618138fd37d3b11180ceb7949','dc0bceb7ebbf32df',NULL,NULL,NULL,NULL,NULL,NULL,NULL,NULL,NULL,NULL,NULL,NULL,NULL,NULL,NULL,NULL),('9798d1b6-2ad2-4228-8c1a-6d3107120e29','9798d1b6-2ad2-4228-8c1a-6d3107120e29','1d64b2c731c41da6cae60918d711286b','76656cf041d76ec7',NULL,NULL,NULL,NULL,NULL,NULL,NULL,NULL,NULL,NULL,NULL,NULL,NULL,NULL,NULL,NULL),('9caa1edf-0e06-4481-ab50-139949046e24','9caa1edf-0e06-4481-ab50-139949046e24','ef74f069700991d01454184220415407','5ec364d8c8b0b203',NULL,NULL,NULL,NULL,NULL,NULL,NULL,NULL,NULL,NULL,NULL,NULL,NULL,NULL,NULL,NULL),('9d87b542-bb14-4087-ad53-4ab0238b0fef','9d87b542-bb14-4087-ad53-4ab0238b0fef','60cb353929b6255d72f1f3e0a98091d3','6e8100729d8f617a',NULL,NULL,NULL,NULL,NULL,NULL,NULL,NULL,NULL,NULL,NULL,NULL,NULL,NULL,NULL,NULL),('9f2ec079-7d0f-4fe2-90ab-8b09a8302aba','9f2ec079-7d0f-4fe2-90ab-8b09a8302aba','44c35ab35cb0603e90d168642ca51fb6','57d3031d6fc4a34d',NULL,NULL,NULL,NULL,NULL,'2017-03-24 16:44:11','2017-03-24 16:44:38',NULL,NULL,110,NULL,NULL,NULL,NULL,NULL,NULL),('a8d1b2a1-b4f7-43c8-9750-226f00108bc9','a8d1b2a1-b4f7-43c8-9750-226f00108bc9','f53f79157cdadaabdad3be62e87c9d97','cd8b4b140dc1b331',NULL,NULL,NULL,NULL,NULL,NULL,NULL,NULL,NULL,NULL,NULL,NULL,NULL,NULL,NULL,NULL),('a9450c22-926d-4afa-ae3b-2c8602762a81','a9450c22-926d-4afa-ae3b-2c8602762a81','11bca47eedba5e3819b264b334ed1432','9792122be7a281e2',NULL,NULL,NULL,NULL,NULL,NULL,NULL,NULL,NULL,NULL,NULL,NULL,NULL,NULL,NULL,NULL),('a9a27d8a-3543-4d3d-903e-71790b20dcd1','a9a27d8a-3543-4d3d-903e-71790b20dcd1','426472f01692aa21b253101b98833cc1','faf940b39f608dad',NULL,NULL,NULL,NULL,NULL,NULL,NULL,NULL,NULL,NULL,NULL,NULL,NULL,NULL,NULL,NULL),('acb39d47-8860-49a0-abc0-a21d016c2fff','acb39d47-8860-49a0-abc0-a21d016c2fff','9b4fee7337fb9e8da74500778687cebc','51d8595d7ad0e06e',NULL,NULL,NULL,NULL,NULL,NULL,NULL,NULL,NULL,NULL,NULL,NULL,NULL,NULL,NULL,NULL),('ae5bfedb-cfd3-4106-b50e-14abb5205929','ae5bfedb-cfd3-4106-b50e-14abb5205929','91e4cbb3bfdaafe57fb53014ccbaa8cb','37d197c1712ce9fe',NULL,NULL,NULL,NULL,NULL,NULL,NULL,NULL,NULL,NULL,NULL,NULL,NULL,NULL,NULL,NULL),('b0529548-bbea-4aa6-8ed2-446033c4d90f','b0529548-bbea-4aa6-8ed2-446033c4d90f','70cfd94171022b96f9f29dfebcca2a8b','6a9dac041b8efc10',NULL,NULL,NULL,NULL,NULL,NULL,NULL,NULL,NULL,NULL,NULL,NULL,NULL,NULL,NULL,NULL),('b05535b3-0d4a-494d-8114-cad9e8e74133','b05535b3-0d4a-494d-8114-cad9e8e74133','e567dc332181e33bc1938ecec07dded2','5dfc083c553e845a',NULL,NULL,NULL,NULL,NULL,NULL,NULL,NULL,NULL,NULL,NULL,NULL,NULL,NULL,NULL,NULL),('b26e59b9-2456-4038-b601-26e8a225e663','b26e59b9-2456-4038-b601-26e8a225e663','8403ae736e7c399ee30fb2eaaedec4b2','d620d7289fcf3ac5',NULL,NULL,NULL,NULL,NULL,NULL,NULL,NULL,NULL,NULL,NULL,NULL,NULL,NULL,NULL,NULL),('b735ad6a-ba26-4cb8-84cf-07d0c38ac921','b735ad6a-ba26-4cb8-84cf-07d0c38ac921','1e4849bf0bc1334209d9662a0db3ece2','66121148a5250685',NULL,NULL,NULL,NULL,NULL,NULL,NULL,NULL,NULL,NULL,NULL,NULL,NULL,NULL,NULL,NULL),('b7d73ca6-9c1c-478f-a1f0-9e02bae69872','b7d73ca6-9c1c-478f-a1f0-9e02bae69872','3a2aa5bcb4fd1f93c71298d01e409c0a','237e5b6c90d22292',NULL,NULL,NULL,NULL,NULL,NULL,NULL,NULL,NULL,NULL,NULL,NULL,NULL,NULL,NULL,NULL),('ba637dd7-7fd7-418b-a81f-238cc59adc76','ba637dd7-7fd7-418b-a81f-238cc59adc76','f709a0d69d844f70bbbe6ed6f5eb29f6','4cb9204ebaa0e7b0',NULL,NULL,NULL,NULL,NULL,NULL,NULL,NULL,NULL,NULL,NULL,NULL,NULL,NULL,NULL,NULL),('bbffd7f2-97d2-4bb4-a308-651171dbf6af','bbffd7f2-97d2-4bb4-a308-651171dbf6af','e7241892ec28b8ebcfeffb8a8daa3447','a6b7fb7162c31626',NULL,NULL,NULL,NULL,NULL,NULL,NULL,NULL,NULL,NULL,NULL,NULL,NULL,NULL,NULL,NULL),('bc670040-bfa0-4d42-8b68-e44912f7fd62','bc670040-bfa0-4d42-8b68-e44912f7fd62','e68479d731ece23a477cac73e0a00850','765f9829175a4f03',NULL,NULL,NULL,NULL,NULL,NULL,NULL,NULL,NULL,NULL,NULL,NULL,NULL,NULL,NULL,NULL),('c275ad72-c474-4807-864d-aba070e74789','c275ad72-c474-4807-864d-aba070e74789','6f4451552464e5dc0a221eee89f90e29','829c4b17d6b93b55',NULL,NULL,NULL,NULL,NULL,NULL,NULL,NULL,NULL,NULL,NULL,NULL,NULL,NULL,NULL,NULL),('c7d6ee96-86b1-4336-b390-64a9a7bba3fe','c7d6ee96-86b1-4336-b390-64a9a7bba3fe','7e16f213294d734bceeec82914085c63','5730522d8db0663b',NULL,NULL,NULL,NULL,NULL,NULL,NULL,NULL,NULL,NULL,NULL,NULL,NULL,NULL,NULL,NULL),('c8417c49-64de-4e86-9ff9-8d51261bdba9','c8417c49-64de-4e86-9ff9-8d51261bdba9','61fffbba998d9dacbad2291e808e68fe','5ba9aff1c2c2def2',NULL,NULL,NULL,NULL,NULL,NULL,NULL,NULL,NULL,NULL,NULL,NULL,NULL,NULL,NULL,NULL),('c8c1fa94-f14d-4ccf-bd67-ad97f787d375','c8c1fa94-f14d-4ccf-bd67-ad97f787d375','9ec89ffb689c96a590f00d30aa5afd9d','a47a61679e14887b',NULL,NULL,NULL,NULL,NULL,NULL,NULL,NULL,NULL,NULL,NULL,NULL,NULL,NULL,NULL,NULL),('ca40ef7c-88b0-46c9-910d-f9bfbc1d7968','ca40ef7c-88b0-46c9-910d-f9bfbc1d7968','4eaea9a31404142ec7d19ce62172b922','8e7de29e0055247c',NULL,NULL,NULL,NULL,NULL,NULL,NULL,NULL,NULL,NULL,NULL,NULL,NULL,NULL,NULL,NULL),('ca57fe20-926d-47b2-a3f2-664a5d1da7ce','ca57fe20-926d-47b2-a3f2-664a5d1da7ce','dbb3806e80fdc83c599fc7ac79ad0bf3','99cde48cd58264b1',NULL,NULL,NULL,NULL,NULL,NULL,NULL,NULL,NULL,NULL,NULL,NULL,NULL,NULL,NULL,NULL),('caf2caf9-3982-4c88-b29b-2a86b72dc325','caf2caf9-3982-4c88-b29b-2a86b72dc325','285d32042beddffcc25fc2e160e50a62','ebee9b7457804995',NULL,NULL,NULL,NULL,NULL,NULL,NULL,NULL,NULL,NULL,NULL,NULL,NULL,NULL,NULL,NULL),('cbe6b2fb-7195-4d3a-86b6-ce2dc2d10eea','cbe6b2fb-7195-4d3a-86b6-ce2dc2d10eea','54a0264abb0847aca4396c9a397df642','c0a7dd6d91f8b12c',NULL,NULL,NULL,NULL,NULL,NULL,NULL,NULL,NULL,NULL,NULL,NULL,NULL,NULL,NULL,NULL),('cc73f8a0-1f30-42a9-a52d-67fec237bf99','cc73f8a0-1f30-42a9-a52d-67fec237bf99','3bc1e0d8683b8d340d0fd4f7498d16fe','09b897fcd4eab72b',NULL,NULL,NULL,NULL,NULL,NULL,NULL,NULL,NULL,NULL,NULL,NULL,NULL,NULL,NULL,NULL),('cdf5ba74-9751-4808-8893-0100dd188197','cdf5ba74-9751-4808-8893-0100dd188197','e3354d46804e8002cd1690ba0571b48e','2340149e633316e9',NULL,NULL,NULL,NULL,NULL,NULL,NULL,NULL,NULL,NULL,NULL,NULL,NULL,NULL,NULL,NULL),('cf3af1b8-d2ce-4f2f-88f3-5838a77f83c7','cf3af1b8-d2ce-4f2f-88f3-5838a77f83c7','387c8893079b205a1cb0a5e45ea0eefb','62459fe053b074e5',NULL,NULL,NULL,NULL,NULL,NULL,NULL,NULL,NULL,NULL,NULL,NULL,NULL,NULL,NULL,NULL),('d0cd28eb-ffee-44f7-b130-070c31d8819b','d0cd28eb-ffee-44f7-b130-070c31d8819b','8625f83565ad606742925ceca70470df','f951b31dba32f0b2',NULL,NULL,NULL,NULL,NULL,NULL,NULL,NULL,NULL,NULL,NULL,NULL,NULL,NULL,NULL,NULL),('d2967e93-4d8b-43d9-b9cb-9cd4a76ad28e','d2967e93-4d8b-43d9-b9cb-9cd4a76ad28e','46fe6343c14ffe120a93af9c496d52f5','d7c9667347faf6fb',NULL,NULL,NULL,NULL,NULL,NULL,NULL,NULL,NULL,NULL,NULL,NULL,NULL,NULL,NULL,NULL),('d2c6eb5d-1f49-4505-b9aa-82eaaed464e0','d2c6eb5d-1f49-4505-b9aa-82eaaed464e0','468d43cc3c7bd9865e5106d669f8d302','a91a31cfb12e482c',NULL,NULL,NULL,NULL,NULL,NULL,NULL,NULL,NULL,NULL,NULL,NULL,NULL,NULL,NULL,NULL),('d9bc1853-61aa-48c9-96a4-a8b1075a82ae','d9bc1853-61aa-48c9-96a4-a8b1075a82ae','c9d3b453c5c3cbc33c5ca0333f86f5b2','f49939dbc67bea34',NULL,NULL,NULL,NULL,NULL,NULL,NULL,NULL,NULL,NULL,NULL,NULL,NULL,NULL,NULL,NULL),('da01cfbe-7094-4573-bf46-c895ba71a28b','da01cfbe-7094-4573-bf46-c895ba71a28b','cad14e3b9f71575849d8d4f501fd0ccc','3bca1d393861e85e',NULL,NULL,NULL,NULL,NULL,NULL,NULL,NULL,NULL,NULL,NULL,NULL,NULL,NULL,NULL,NULL),('daaf6f40-a1a1-4cfd-ab82-8c7d0ed3bad7','daaf6f40-a1a1-4cfd-ab82-8c7d0ed3bad7','540bfd0a483071ae85d5834f5a61d315','9d6ef533b1b25af5',NULL,NULL,NULL,NULL,NULL,NULL,NULL,NULL,NULL,NULL,NULL,NULL,NULL,NULL,NULL,NULL),('dfb7c6c7-121f-4ec5-b1fe-b7e880c7c6cf','dfb7c6c7-121f-4ec5-b1fe-b7e880c7c6cf','2f2f20247e81c9dc5e71dd66b313bd7a','c652b8a16f7c68f0',NULL,NULL,NULL,NULL,NULL,NULL,NULL,NULL,NULL,NULL,NULL,NULL,NULL,NULL,NULL,NULL),('e0c34d25-ae43-46bc-b300-23c4fede6766','e0c34d25-ae43-46bc-b300-23c4fede6766','a605496007c34f3320b1e8d8fe7d599a','431cefa829fbfcd1',NULL,NULL,NULL,NULL,NULL,NULL,NULL,NULL,NULL,NULL,NULL,NULL,NULL,NULL,NULL,NULL),('e1674f45-4aed-44b8-83d4-fb5373f8ee69','e1674f45-4aed-44b8-83d4-fb5373f8ee69','0d9e94a2d9ef06f4bcb652e34b0b0c72','465292405abd0f41',NULL,NULL,NULL,NULL,NULL,NULL,NULL,NULL,NULL,NULL,NULL,NULL,NULL,NULL,NULL,NULL),('e2d42aae-d246-4495-b495-5fc1f7d778e9','e2d42aae-d246-4495-b495-5fc1f7d778e9','1b2611dea5a26de711582ff790cdbd1b','5917c8bf1602358f',NULL,NULL,NULL,NULL,NULL,NULL,NULL,NULL,NULL,NULL,NULL,NULL,NULL,NULL,NULL,NULL),('e371171e-ee64-4fea-9f5d-4e90f4e668cc','e371171e-ee64-4fea-9f5d-4e90f4e668cc','640946f6e500c35f84eb709ef4d4b8c9','08c002abe194214e',NULL,NULL,NULL,NULL,NULL,NULL,NULL,NULL,NULL,NULL,NULL,NULL,NULL,NULL,NULL,NULL),('e7facbde-fe78-494b-be09-16931b646a79','e7facbde-fe78-494b-be09-16931b646a79','e90681d391fc39cf3a189c9c8dda0b45','5fc6af6c7efc92d6',NULL,NULL,NULL,NULL,NULL,NULL,NULL,NULL,NULL,NULL,NULL,NULL,NULL,NULL,NULL,NULL),('e9dc99ca-b015-47ba-a00e-62d1f98bdb1a','e9dc99ca-b015-47ba-a00e-62d1f98bdb1a','0c4c4da65422e69fac8394bbd409203e','738c8b94f8a36c8c',NULL,NULL,NULL,NULL,NULL,NULL,NULL,NULL,NULL,NULL,NULL,NULL,NULL,NULL,NULL,NULL),('eb3c5b7a-b2a2-4791-b492-28b06d5870c5','eb3c5b7a-b2a2-4791-b492-28b06d5870c5','e634e71f0548d34cb8b6d1aeb6cfd6ed','ea834fec04f83ec2',NULL,NULL,NULL,NULL,NULL,NULL,NULL,NULL,NULL,NULL,NULL,NULL,NULL,NULL,NULL,NULL),('eb7f826d-b8da-4bb0-baa0-a73c2bfe630f','eb7f826d-b8da-4bb0-baa0-a73c2bfe630f','48be7f6f4a675a17e1c43d8b8bf84a26','23a9823b3a54eda9',NULL,NULL,NULL,NULL,NULL,NULL,NULL,NULL,NULL,NULL,NULL,NULL,NULL,NULL,NULL,NULL),('f13a47e1-8490-419c-b117-291691b07175','f13a47e1-8490-419c-b117-291691b07175','223167bcde36c2c75f672c8ee5ef99f3','c0a6e3abc330975f',NULL,NULL,NULL,NULL,NULL,NULL,NULL,NULL,NULL,NULL,NULL,NULL,NULL,NULL,NULL,NULL),('f13edee1-43b5-4cac-930f-f7350ec1a473','f13edee1-43b5-4cac-930f-f7350ec1a473','126edcb8aa68a31297d344f07735289a','e5cec574123565ef',NULL,NULL,NULL,NULL,NULL,NULL,NULL,NULL,NULL,NULL,NULL,NULL,NULL,NULL,NULL,NULL),('f2adf10a-cb2c-417a-a1c5-d4c9c57fc5ef','f2adf10a-cb2c-417a-a1c5-d4c9c57fc5ef','2e5278253d680ce4504fb6cdfd6ab053','f2dbc5e6ed47d50b',NULL,NULL,NULL,NULL,NULL,NULL,NULL,NULL,NULL,NULL,NULL,NULL,NULL,NULL,NULL,NULL),('f2c898a7-c2b4-492f-8a32-dedcd6aa3ba6','f2c898a7-c2b4-492f-8a32-dedcd6aa3ba6','8dea571e2d17a5f9f8ff3a62a511fead','cf1e0baf2022a1f2',NULL,NULL,NULL,NULL,NULL,NULL,NULL,NULL,NULL,NULL,NULL,NULL,NULL,NULL,NULL,NULL),('f5229355-4943-4de7-a6c0-113b85b7d551','f5229355-4943-4de7-a6c0-113b85b7d551','32d3b7e3e42cf76521a2eda7c5763afc','0d1608bd501940e0',NULL,NULL,NULL,NULL,NULL,NULL,NULL,NULL,NULL,NULL,NULL,NULL,NULL,NULL,NULL,NULL),('f5c9d584-e4d6-4c28-a145-bf98a08c80f0','f5c9d584-e4d6-4c28-a145-bf98a08c80f0','b396642ad297a00d8f6d04fcbb8ce0fe','0c8c87c1b52379d3',NULL,NULL,NULL,NULL,NULL,NULL,NULL,NULL,NULL,NULL,NULL,NULL,NULL,NULL,NULL,NULL),('f8eee1bb-f520-4ee9-b4f7-036fde68b3a2','f8eee1bb-f520-4ee9-b4f7-036fde68b3a2','e2009649dacf9658b225d86ef162515e','ecbbd97f6e56c16a',NULL,NULL,NULL,NULL,NULL,NULL,NULL,NULL,NULL,NULL,NULL,NULL,NULL,NULL,NULL,NULL);

/*!40101 SET SQL_MODE=@OLD_SQL_MODE */;
/*!40014 SET FOREIGN_KEY_CHECKS=@OLD_FOREIGN_KEY_CHECKS */;
/*!40014 SET UNIQUE_CHECKS=@OLD_UNIQUE_CHECKS */;
/*!40111 SET SQL_NOTES=@OLD_SQL_NOTES */;
